#{"t_start": 1781910846.894009, "env_id": "None"}
r,l,t
1.88,126,14.118268
1.88,11,14.152407
-1.97,128,14.579299
-3.12,89,14.870365
-1.23,127,15.258034
1.47,128,17.197573
0.0,126,17.534853
1.06,129,17.863161
-1.25,104,18.13132
1.88,66,18.737056
-1.33,128,19.046225
1.88,58,19.194749
-2.29,127,19.543513
-3.21,77,19.754146
-1.89,125,20.550848
-1.91,95,20.797283
1.88,54,20.940979
1.88,100,21.221185
1.03,102,21.470116
-1.57,129,21.765692
-1.48,134,22.542009
-2.19,127,22.937915
1.72,139,23.388475
1.88,39,23.494442
-3.58,129,24.295298
-1.31,133,24.610669
-1.96,135,24.924843
1.88,133,25.22761
-1.51,127,26.00035
1.88,20,26.052326
-1.97,130,26.38174
-2.35,135,26.730207
1.88,55,26.866664
-1.24,124,27.656228
1.88,78,27.836241
-1.26,122,28.121852
-2.58,99,28.368848
-1.3,113,28.659029
-1.23,128,29.762037
-1.67,138,30.170206
-2.33,110,30.431615
1.88,71,30.594592
-1.59,128,30.897696
-1.28,103,31.613968
1.09,156,32.015248
1.88,72,32.194334
1.88,66,32.360175
-1.02,121,32.674516
1.63,140,33.463818
1.88,26,33.527297
1.88,59,33.669428
1.6,127,33.967274
-1.56,93,34.198926
1.88,27,34.26866
-1.88,113,35.028877
1.14,140,35.425207
1.88,31,35.515178
1.88,142,35.979389
1.88,16,36.02637
1.73,93,36.308314
-1.09,133,37.076257
1.88,48,37.195076
-1.03,156,37.585119
1.88,39,37.69301
-2.95,138,38.071078
1.88,58,38.671372
-1.9,143,39.004385
-1.61,125,39.339586
1.88,35,39.44609
-2.27,128,39.764216
1.88,67,40.430528
1.3,151,40.820031
1.88,47,40.938457
1.88,80,41.164002
1.88,76,41.362214
1.88,18,41.415667
1.88,45,41.536741
1.88,40,41.654721
1.88,137,42.551459
1.88,83,42.771587
1.88,45,42.889206
1.7,133,43.233288
-1.53,108,43.499866
1.88,19,43.547584
1.88,56,44.154489
1.73,138,44.49821
-1.53,120,44.77719
1.14,144,45.104177
-2.9,81,45.289011
1.88,47,45.856661
1.88,22,45.911324
1.88,101,46.170195
1.58,121,46.474098
1.88,40,46.573978
1.88,80,46.777558
1.15,138,47.575898
1.14,132,47.904682
1.88,158,48.397448
-1.1,137,48.824674
1.88,34,48.917218
1.88,30,49.565128
1.88,49,49.698446
1.51,68,49.902425
1.88,41,50.078462
-1.2,122,50.509292
-1.42,146,50.865698
1.88,108,51.56899
-1.17,135,51.909858
-1.98,136,52.246274
-1.9,145,52.612104
1.88,29,52.684991
1.88,75,53.339367
-3.28,123,53.619579
1.88,55,53.749381
-2.48,114,54.013772
1.58,159,54.444996
1.88,49,55.199209
-3.81,96,55.452921
1.88,92,55.678615
1.18,141,56.035486
1.41,150,56.395696
1.88,58,56.947581
1.88,46,57.077225
1.88,56,57.205956
1.88,36,57.29458
1.88,67,57.463331
1.88,40,57.565233
1.74,80,57.765447
-1.13,150,58.633772
1.88,44,58.748427
1.06,149,59.134625
1.88,51,59.285999
-1.18,146,59.680496
1.88,67,59.843038
1.1,134,60.738802
1.88,18,60.788884
-2.43,117,61.222931
-1.65,119,61.619568
1.88,69,61.804405
1.88,71,61.993359
1.71,123,62.720066
1.2,149,63.083209
-1.53,124,63.389161
1.88,69,63.565215
1.34,149,64.420243
1.88,56,64.56866
1.88,41,64.673175
-1.47,144,65.031941
1.69,126,65.321118
-2.27,132,66.060817
-2.57,83,66.267916
1.88,27,66.334715
-2.38,123,66.652464
1.64,132,67.039091
1.88,129,68.036301
1.57,138,68.387624
1.88,24,68.447903
1.88,43,68.557996
1.62,143,68.920354
1.88,75,69.131972
1.04,141,70.028755
1.88,28,70.106973
1.88,27,70.178286
1.46,148,70.567935
1.88,44,70.682056
1.88,43,70.793906
1.88,91,71.016951
1.88,27,71.08019
1.88,38,71.640934
1.48,153,72.06588
1.88,34,72.149778
-1.02,153,72.534824
-0.0,139,72.886921
1.88,32,73.496783
1.88,26,73.570415
1.05,123,73.950922
1.88,92,74.219381
1.88,41,74.321618
1.88,31,74.394012
-1.37,124,74.694577
-2.18,136,75.503422
1.88,18,75.548951
1.88,51,75.677221
1.88,22,75.735029
1.88,35,75.822902
1.65,53,75.957562
1.88,93,76.198422
1.88,36,76.288938
1.88,73,76.471411
1.88,70,77.084717
1.88,51,77.213046
-2.97,90,77.435209
1.88,34,77.511596
-1.37,137,77.852253
-1.32,130,78.186893
1.68,130,78.982404
1.88,108,79.299568
1.1,135,79.681498
1.88,95,79.95466
1.73,152,80.9104
1.88,30,80.987272
-1.25,84,81.227337
1.88,46,81.349605
1.88,44,81.459979
1.88,51,81.58989
1.88,41,81.706376
1.88,52,81.850367
1.88,41,81.956826
1.88,80,82.584555
1.88,55,82.710222
1.88,43,82.805512
1.88,24,82.86355
1.88,26,82.924252
1.55,145,83.273795
1.88,27,83.342467
1.88,44,83.456145
-1.93,125,83.770999
1.88,63,84.394211
1.88,30,84.475808
1.88,102,84.737618
1.88,131,85.059481
-1.18,104,85.293672
-1.72,133,86.070774
-1.12,143,86.568122
1.88,28,86.658827
1.88,51,86.819478
1.77,151,87.232397
-1.43,122,88.005526
-1.89,113,88.278498
1.88,61,88.418475
1.88,43,88.518902
1.88,64,88.66743
1.88,47,88.771411
1.88,67,88.92486
-1.98,13,88.959873
-2.12,118,89.824706
1.19,148,90.197793
1.38,129,90.523945
1.04,141,90.885576
-1.62,103,91.599102
1.5,154,91.975545
1.29,158,92.438384
1.88,143,92.90798
1.88,57,93.587434
1.88,26,93.657503
1.88,39,93.767315
1.88,26,93.836308
1.88,92,94.058702
1.88,37,94.143325
1.88,27,94.208941
1.88,79,94.390762
-1.23,135,95.1481
-2.0,129,95.471607
1.88,19,95.519349
1.73,87,95.737746
1.88,45,95.853169
1.19,135,96.193823
1.88,30,96.269572
1.88,60,96.418203
-2.85,114,97.159575
-1.94,96,97.379143
1.57,36,97.462753
-1.48,116,97.737026
-1.12,150,98.126597
-1.42,97,98.945763
1.88,31,99.04588
1.4,151,99.586202
1.73,152,99.974579
-2.46,111,100.665857
1.88,119,100.951947
1.88,35,101.045824
1.69,128,101.409437
-1.23,146,101.79316
1.88,51,101.924961
1.88,63,102.579704
1.88,61,102.728766
-2.55,102,102.961983
-1.92,106,103.211457
1.88,76,103.387388
1.88,35,103.473179
1.11,141,104.27527
1.88,38,104.372639
1.88,42,104.479933
1.88,23,104.53744
1.88,59,104.690776
-1.21,102,104.986349
-1.69,146,105.471933
-3.5,104,106.21348
1.88,47,106.319161
1.88,51,106.443923
1.88,27,106.506707
1.88,38,106.596952
-0.0,136,106.941541
1.88,28,107.0345
1.88,23,107.110534
1.88,30,107.193727
-1.96,129,108.01259
1.88,39,108.118679
1.88,24,108.17803
1.33,155,108.55833
-1.85,144,108.886232
1.88,18,108.92726
1.88,126,109.734485
-1.92,99,109.979658
-3.44,47,110.100268
1.88,35,110.195069
-2.6,112,110.504755
-2.03,133,110.853045
1.12,135,111.797612
1.87,154,112.278153
-1.53,122,112.667806
1.88,23,112.736261
1.88,80,112.955112
1.5,157,113.841221
1.88,141,114.200033
1.88,35,114.281095
-1.18,102,114.522763
1.53,139,115.320325
1.67,134,115.672523
1.88,23,115.730732
1.88,146,116.106674
-1.12,142,116.477859
1.88,48,117.094922
-1.31,132,117.409451
1.88,18,117.455949
1.88,39,117.57209
1.88,32,117.660616
1.88,38,117.761539
1.58,161,118.287412
-1.76,134,119.162039
1.49,147,119.610357
1.88,93,119.876329
1.88,47,120.006761
1.88,31,120.086153
1.88,35,120.222244
1.71,142,121.110307
1.88,54,121.289773
-2.13,125,121.625817
-1.88,122,121.941445
1.88,47,122.060872
1.05,136,122.910818
1.88,54,123.048543
1.88,35,123.145567
1.88,30,123.219024
1.88,34,123.296938
1.88,78,123.479688
1.88,47,123.590689
1.88,47,123.714795
1.88,47,123.844125
1.88,35,123.947555
-1.35,92,124.833957
-3.26,92,125.087418
1.88,44,125.214479
1.88,27,125.288909
1.88,31,125.371998
1.88,29,125.450138
1.58,158,125.869953
1.88,49,125.988273
1.39,141,126.775183
1.88,35,126.863633
1.88,72,127.071346
1.88,58,127.224313
1.88,43,127.33897
1.88,35,127.42603
1.88,67,127.595792
1.88,80,127.802496
1.88,26,127.871408
1.58,158,128.769017
1.88,31,128.863733
1.88,40,128.955775
1.88,27,129.018716
1.88,31,129.091988
-1.38,153,129.491968
-1.34,102,129.751304
1.88,22,130.365259
-2.32,121,130.794307
-1.05,143,131.288875
-1.95,141,131.663608
1.7,132,132.452324
1.88,30,132.531674
-1.5,128,132.855193
1.88,72,133.062497
1.88,35,133.153692
1.88,21,133.21639
1.88,88,133.471393
1.88,23,133.535251
1.88,32,133.623693
1.88,40,133.731545
1.88,43,134.349024
1.88,52,134.487403
1.6,125,134.800098
1.88,83,134.989548
1.57,156,135.350601
1.88,29,135.417494
-1.71,134,136.224985
-1.31,142,136.650237
-1.83,130,137.109007
1.88,36,137.240032
1.88,44,137.388422
1.88,30,137.490119
1.31,126,138.266187
1.88,19,138.312153
-2.63,67,138.46365
-1.71,85,138.65889
1.38,129,139.01648
1.69,158,139.978159
1.88,63,140.138593
-1.83,103,140.407148
-2.71,135,140.738938
-1.84,91,140.978089
-3.49,59,141.122466
1.04,156,142.01177
1.06,148,142.413085
-1.64,131,142.759308
1.88,32,142.869794
1.88,29,142.977453
1.88,79,143.842281
1.01,155,144.224783
-1.53,161,144.619226
1.43,142,145.003003
1.88,23,145.559541
1.58,160,145.97162
1.88,31,146.052528
1.88,34,146.137018
1.88,19,146.183227
-2.71,127,146.491536
-2.02,18,146.534908
1.88,58,146.6713
1.88,58,147.278361
1.88,35,147.36262
-2.19,117,147.705797
1.88,23,147.770811
-2.71,138,148.142585
1.88,31,148.220371
-2.03,125,148.551232
1.78,153,149.522332
1.88,39,149.64745
1.88,143,150.067977
1.01,141,150.441639
-1.68,117,151.231775
1.88,23,151.299214
1.88,35,151.394076
1.88,18,151.443069
0.0,156,151.849652
-3.24,88,152.072739
1.41,145,152.827182
1.88,26,152.893698
1.79,160,153.306839
1.88,78,153.508183
1.88,39,153.610273
1.88,28,153.686263
1.47,109,154.004994
1.88,28,154.082555
1.88,31,154.171196
1.88,35,154.745256
1.88,65,154.92437
-1.53,128,155.235817
1.59,155,155.652693
-2.29,131,156.079335
1.88,43,156.725664
1.37,155,157.144834
1.22,152,157.537137
1.88,52,157.671217
-1.63,142,158.45233
1.88,27,158.517623
1.88,52,158.660365
1.49,150,159.037271
1.88,58,159.202192
1.65,147,159.64048
1.3,153,160.527658
1.29,160,160.9129
1.2,158,161.312892
1.14,153,162.32004
1.88,31,162.42521
1.5,134,162.841419
1.54,141,163.246271
1.05,142,163.662946
-1.08,113,164.432152
-3.53,136,164.765537
1.88,34,164.857921
1.88,27,164.924411
1.45,148,165.301646
1.38,159,166.192436
1.88,70,166.369283
1.37,136,166.712818
1.88,19,166.757912
1.88,27,166.824618
1.88,23,166.877624
1.15,118,167.178028
-1.02,150,168.023947
1.24,153,168.513386
1.88,31,168.611139
1.88,33,168.723769
1.66,154,169.195367
1.72,155,170.102877
1.88,27,170.168445
1.88,32,170.245243
1.88,51,170.369727
1.72,48,170.511809
1.67,142,170.893753
1.88,46,171.024588
1.88,66,171.723283
1.88,34,171.812569
-1.09,148,172.232319
1.88,42,172.351975
1.88,42,172.460888
1.06,131,172.772959
1.58,80,173.434302
-2.71,82,173.645266
1.88,52,173.789556
1.73,93,174.045712
-1.87,58,174.195262
1.88,35,174.290529
1.88,18,174.352196
-2.16,115,174.758601
1.76,153,175.755862
1.67,131,176.06015
1.88,27,176.122771
1.88,36,176.20848
1.88,27,176.272883
1.4,148,176.627321
1.07,129,177.494064
1.88,35,177.58302
1.88,92,177.817358
-1.59,151,178.209196
1.88,22,178.26525
-1.77,132,179.020438
1.88,43,179.123086
1.88,19,179.177474
1.88,27,179.24417
1.88,33,179.335898
-2.95,50,179.494553
1.88,43,179.629932
1.53,111,179.956681
1.88,47,180.080216
1.38,100,180.355394
-2.54,103,181.229024
-1.07,117,181.615856
1.88,25,181.693181
1.88,39,181.804725
-2.57,109,182.07508
-1.32,145,182.438659
1.88,80,183.145129
1.88,51,183.291353
1.88,35,183.394529
1.88,56,183.554059
1.74,138,183.938164
1.88,35,184.034239
-1.84,109,184.311302
1.88,18,184.829356
1.88,36,184.915885
1.88,67,185.076444
1.43,142,185.426853
-2.2,135,185.773119
1.88,55,185.917035
1.88,22,185.975501
-1.28,137,186.793259
1.59,146,187.207272
1.88,72,187.39378
1.88,47,187.540401
1.88,85,187.791471
-3.75,79,188.481117
1.88,27,188.551961
1.71,127,188.870119
1.88,30,188.952258
-1.48,64,189.14137
1.88,87,189.415396
1.88,19,189.4839
1.88,24,189.553837
-1.35,144,190.420332
1.88,25,190.480828
-1.19,149,190.838903
-1.42,145,191.218075
1.88,75,191.434831
-1.97,106,192.22341
1.88,68,192.402038
1.88,76,192.613386
1.72,125,192.948538
1.88,39,193.042764
-3.17,72,193.215816
1.88,81,193.42342
-2.58,97,194.348951
-2.37,126,194.733841
-1.1,130,195.114655
1.11,143,195.498961
1.31,144,196.331548
1.88,37,196.418246
1.88,152,196.79879
-2.43,123,197.132373
-2.55,135,197.985478
1.88,20,198.037647
1.88,75,198.234254
1.88,23,198.294795
1.66,157,198.70816
-2.65,100,198.957398
1.88,27,199.023638
1.88,39,199.120386
-2.46,131,200.044714
1.88,26,200.138147
1.88,23,200.231861
1.88,40,200.379849
1.88,40,200.521035
1.88,39,200.646715
-1.96,138,201.073838
1.28,157,201.994528
-1.81,124,202.291517
-1.8,106,202.555448
1.88,55,202.687764
-2.63,132,203.082203
1.88,103,203.865006
1.43,156,204.291869
1.88,51,204.428687
1.88,123,204.764078
-2.32,66,204.935001
1.88,36,205.0207
-1.28,137,205.823128
1.88,51,205.957549
1.88,39,206.068177
1.88,27,206.156305
-3.08,103,206.505156
-2.25,136,206.994342
1.88,55,207.205663
1.88,46,207.833119
1.88,47,207.944646
1.88,50,208.070967
-1.06,143,208.421653
1.88,120,208.723814
1.43,100,208.97347
1.88,26,209.597785
1.33,145,210.004719
1.88,58,210.154175
1.88,39,210.261378
1.88,51,210.394097
1.03,151,210.787529
1.88,23,210.848737
1.88,60,211.472326
1.88,46,211.580889
1.88,50,211.709011
-1.21,138,212.092047
1.88,33,212.183747
1.88,15,212.226325
1.88,56,212.381061
1.88,44,212.517324
1.88,30,212.610932
1.44,144,213.679996
-1.02,136,214.018525
1.88,39,214.119079
1.88,71,214.303904
-1.59,49,214.424564
-2.89,63,214.57345
1.88,96,215.336525
1.05,122,215.677684
-2.33,108,215.972453
1.88,27,216.043997
1.88,55,216.182733
1.21,153,216.581069
1.88,121,217.304683
1.09,152,217.661317
1.88,32,217.740647
1.88,26,217.806449
1.88,31,217.886226
1.66,126,218.209092
1.88,41,218.31225
1.88,82,219.031886
-1.69,89,219.351313
1.88,33,219.490331
-1.47,139,219.924489
1.88,27,219.9883
-1.66,145,220.347244
1.88,32,220.886946
-1.21,138,221.274963
1.88,26,221.347911
1.88,32,221.431064
1.06,141,221.808215
1.13,154,222.230789
1.88,43,222.781636
1.88,53,222.907479
1.6,143,223.240768
1.88,75,223.413539
1.88,36,223.497354
1.88,39,223.593872
1.88,43,223.711378
1.88,55,223.86087
1.88,79,224.536226
1.88,33,224.621571
1.88,26,224.694793
1.88,22,224.753798
1.55,144,225.142222
1.88,47,225.300534
1.73,131,225.717395
1.68,138,226.595819
-3.54,120,226.919908
-1.07,135,227.310481
1.88,46,227.432841
-2.49,77,227.64413
1.88,40,227.749387
1.88,31,228.326539
1.88,39,228.423332
1.88,47,228.535457
1.7,134,228.858712
1.88,35,228.942799
1.88,51,229.075514
-1.3,133,229.524994
-1.4,138,230.394779
1.88,35,230.484582
1.88,23,230.54412
1.88,71,230.729426
1.31,138,231.077157
1.88,35,231.164325
1.88,74,231.364338
1.1,108,232.164936
-2.66,98,232.455816
-2.4,141,232.821614
-2.08,113,1303.021819
1.38,136,1304.51638
1.88,36,1304.694052
1.88,29,1304.831674
1.88,35,1304.995927
-1.49,141,1305.59595
1.88,46,1305.797949
1.88,22,1305.911206
1.88,47,1306.165736
1.88,31,1306.324299
1.33,144,1307.952407
1.88,39,1308.167352
1.88,59,1308.460905
-2.36,124,1309.12425
-2.83,99,1309.557611
1.88,36,1309.719392
-2.48,74,1310.057437
1.59,83,1311.283678
-1.03,145,1312.024334
1.88,38,1312.201795
-1.31,128,1312.849993
-1.21,136,1313.464782
1.88,51,1314.646547
1.88,31,1314.829323
-1.47,119,1315.425672
-1.47,143,1316.13607
1.88,26,1316.269647
-2.31,109,1316.818549
1.88,35,1316.979212
1.88,68,1318.007568
-2.27,101,1318.47938
-2.59,80,1318.86794
-2.25,117,1319.449586
1.88,39,1319.634639
1.88,24,1319.745622
-1.95,106,1321.225291
1.88,44,1321.450514
1.69,150,1322.106182
1.88,43,1322.320603
1.88,23,1322.438251
1.88,64,1322.743708
-2.69,130,1323.358615
1.09,111,1324.698492
1.54,145,1325.33092
1.09,148,1326.000693
1.88,49,1326.228715
1.88,27,1326.357995
1.88,49,1326.580302
-2.1,145,1328.317098
1.88,55,1328.58135
-1.63,129,1329.231339
1.68,156,1329.918636
1.88,43,1330.127303
1.88,26,1331.106881
-1.31,154,1331.844919
1.88,15,1331.916524
1.88,44,1332.120982
1.88,15,1332.19496
1.88,84,1332.590097
1.88,31,1332.74752
-1.13,91,1333.151847
1.32,145,1334.833957
1.88,23,1334.937104
-1.96,119,1335.500675
1.88,19,1335.593463
1.88,28,1335.730304
1.88,36,1335.902514
1.88,19,1335.99417
1.35,120,1336.596315
1.88,79,1337.707515
-2.23,90,1338.138183
-1.35,111,1338.652148
-2.17,104,1339.223215
-2.77,97,1339.693857
1.88,27,1339.827908
1.03,135,1341.443553
1.75,156,1342.178065
1.88,23,1342.292273
1.88,92,1342.73846
1.64,128,1343.365442
1.68,51,1344.368764
1.88,41,1344.540881
1.88,68,1344.824905
1.88,18,1344.90323
1.71,131,1345.473647
1.88,28,1345.603883
1.88,43,1345.807151
1.88,74,1346.152406
1.88,19,1346.240731
-2.58,103,1347.699644
1.88,67,1348.081286
1.88,52,1348.332534
1.88,51,1348.55362
1.88,27,1348.66868
1.88,39,1348.833544
-1.28,139,1349.52095
1.12,156,1351.050092
1.41,123,1351.64473
-2.7,124,1352.208276
1.88,53,1352.435044
1.88,26,1352.539477
1.88,19,1352.616784
1.65,155,1354.281893
1.43,150,1355.097594
1.22,154,1355.826726
1.88,39,1355.998172
1.88,22,1356.097754
-1.06,147,1357.551342
1.88,27,1357.681529
1.88,28,1357.821297
-1.3,148,1358.53209
-3.72,89,1359.017055
1.56,153,1359.797739
-1.88,74,1361.125476
-2.96,117,1361.783669
1.88,69,1362.139198
-2.19,144,1362.853697
1.88,59,1363.13736
1.88,23,1363.246842
1.88,51,1363.546552
1.88,35,1364.54552
1.88,57,1364.821062
-1.88,148,1365.560497
-3.39,105,1366.106159
1.26,164,1367.100362
1.88,29,1368.324011
1.88,81,1368.718182
1.88,42,1368.937421
1.65,166,1369.875615
1.88,26,1370.025733
-1.58,108,1370.615428
1.88,23,1370.741564
1.88,106,1372.225495
-2.93,98,1372.713804
1.88,23,1372.825208
1.19,154,1373.627299
1.58,152,1374.622065
1.88,44,1375.807581
1.88,20,1375.912523
1.88,47,1376.162302
-2.81,103,1376.70765
1.29,151,1377.497976
-2.04,136,1378.154572
1.88,92,1379.572792
1.88,57,1379.879415
-1.76,145,1380.700624
-1.4,102,1381.409618
1.88,19,1381.537313
1.88,18,1381.652563
-2.78,84,1382.127668
1.88,31,1382.285245
1.88,49,1383.384275
1.88,66,1383.729759
1.88,36,1383.938659
-3.15,119,1384.6139
1.88,74,1385.045859
-2.84,118,1385.70036
1.88,24,1385.834754
1.88,26,1385.973501
-1.78,143,1387.656069
1.58,164,1388.745736
-1.17,145,1389.630211
1.88,76,1390.963125
1.42,140,1391.71667
0.0,156,1392.552487
1.17,149,1393.412128
1.67,140,1395.286039
1.88,34,1395.476757
1.88,75,1395.851183
1.38,147,1396.654082
1.59,150,1397.509382
-1.33,115,1399.123602
1.88,32,1399.306439
1.88,27,1399.453143
1.8,162,1400.295686
1.88,43,1400.527759
1.88,19,1400.626626
1.2,158,1402.686321
1.72,152,1403.539533
1.88,43,1403.767193
1.88,31,1403.926521
1.06,121,1404.556643
1.88,18,1404.651832
1.88,31,1404.836086
1.88,20,1404.947266
1.88,35,1405.166295
-3.29,99,1406.699467
1.88,39,1406.949913
1.88,71,1407.348776
1.88,40,1407.591993
-2.29,78,1408.138935
1.57,151,1409.09398
1.88,99,1410.602583
1.88,23,1410.719862
1.88,25,1410.860003
-1.37,130,1411.595854
-2.34,66,1411.958277
-1.14,141,1412.680045
1.88,27,1412.81843
1.88,15,1412.889288
1.44,147,1414.658935
-1.11,143,1415.623176
1.88,56,1415.951025
-1.39,137,1416.691833
-1.65,143,1418.400762
1.55,150,1419.307805
-1.53,117,1419.980813
1.44,149,1420.81321
1.88,35,1421.044921
1.09,148,1423.07996
-1.75,136,1423.892922
-1.98,93,1424.467457
1.62,155,1426.537302
1.88,102,1427.179021
1.88,120,1428.007685
1.6,151,1429.086071
1.88,31,1429.319794
1.88,42,1429.599305
1.88,78,1431.141012
-2.6,130,1431.81617
1.88,43,1432.048835
1.88,48,1432.304514
1.88,20,1432.411208
1.67,127,1433.112005
1.88,25,1433.254507
1.88,38,1433.470174
1.88,32,1433.6437
1.88,27,1433.7919
1.12,103,1435.354063
1.88,51,1435.68751
1.6,153,1436.705152
1.61,149,1437.653762
1.88,63,1438.903174
-1.52,107,1439.583901
-2.06,98,1440.120712
1.88,42,1440.336836
1.88,27,1440.477319
1.88,39,1440.670951
1.59,153,1441.617458
1.88,23,1441.753231
1.73,137,1443.744571
1.88,35,1444.013497
1.88,23,1444.169019
-1.04,134,1445.076139
-1.34,137,1445.915837
1.58,148,1447.788912
1.71,151,1448.644574
1.88,28,1448.807888
1.88,66,1449.28518
1.88,123,1450.056366
1.88,14,1450.139488
1.68,151,1452.196133
-1.37,151,1453.167086
-1.93,55,1453.466775
1.6,163,1454.311142
-2.3,140,1455.992493
1.88,26,1456.13066
1.88,66,1456.511094
1.88,36,1456.704282
1.88,28,1456.866691
1.88,23,1457.017178
1.88,96,1457.548704
1.88,19,1457.642226
1.88,37,1457.840997
-1.43,114,1459.844865
1.88,31,1460.062748
1.88,26,1460.224552
1.88,31,1460.418059
1.76,54,1460.729408
1.88,39,1460.945535
1.88,19,1461.070748
1.88,28,1461.239425
-3.49,78,1461.699532
1.68,157,1462.589009
1.88,59,1463.742095
1.88,35,1463.940521
1.21,142,1464.741608
1.88,20,1464.847116
-1.61,132,1465.650747
-1.77,115,1466.458441
-3.02,135,1468.26159
1.59,150,1469.249306
1.69,37,1469.472524
1.88,20,1469.588918
1.75,149,1470.453416
1.48,154,1472.179799
1.88,37,1472.36537
1.88,18,1472.459565
1.88,20,1472.570493
1.58,160,1473.611842
1.24,122,1474.328769
1.88,63,1475.538594
1.88,50,1475.815088
-2.35,111,1476.383437
1.88,40,1476.592911
1.88,23,1476.710784
1.88,27,1476.848167
1.33,118,1477.469178
1.6,136,1479.158716
1.88,11,1479.231185
1.88,43,1479.515992
1.61,146,1480.507854
1.6,147,1481.356146
1.88,94,1481.834764
-1.42,134,1483.461713
1.88,31,1483.627004
1.88,18,1483.72542
1.88,19,1483.825221
1.88,32,1484.001686
1.88,59,1484.336952
1.88,47,1484.601367
-1.17,143,1485.377715
1.73,145,1487.275952
1.43,152,1488.204144
1.88,23,1488.33939
-1.5,111,1488.9581
1.88,36,1489.22042
1.57,154,1490.85097
1.88,42,1491.11348
1.88,47,1491.376119
1.88,27,1491.519646
1.88,31,1491.687136
-1.98,132,1492.40013
-2.53,91,1492.886451
-1.1,114,1493.553698
1.58,159,1495.557951
1.25,119,1496.191489
1.4,150,1497.053466
-1.66,117,1498.492965
1.88,34,1498.676028
1.88,29,1498.83157
1.39,110,1499.505811
1.88,31,1499.678897
1.88,35,1499.872881
1.88,31,1500.070393
1.17,142,1501.030232
1.88,39,1501.326423
1.88,47,1502.528105
1.88,43,1502.764365
1.03,120,1503.357815
1.74,72,1503.713973
1.88,27,1503.862973
1.88,40,1504.079116
1.88,38,1504.298963
-1.58,154,1505.12043
-1.04,123,1506.663774
-3.35,66,1507.082795
-1.29,140,1507.922495
1.88,36,1508.163629
1.88,27,1508.335083
1.88,59,1508.694428
-3.59,137,1510.440195
1.88,32,1510.617683
-2.28,96,1511.166768
1.88,23,1511.298172
-2.21,126,1511.96715
1.88,55,1512.243728
1.88,31,1512.399973
1.88,32,1512.570209
-1.18,60,1513.796345
1.34,132,1514.674965
1.88,32,1514.91022
1.88,31,1515.134916
1.88,47,1515.453396
1.88,35,1515.658834
-1.21,120,1516.33802
1.88,47,1516.579674
-2.46,121,1517.723784
1.88,35,1517.871932
1.27,160,1518.469885
1.58,159,1518.908703
-2.04,131,1519.826533
1.88,77,1520.04323
1.88,26,1520.126636
-2.84,103,1520.441317
-1.62,79,1520.670481
-1.59,140,1521.125669
1.88,65,1521.90634
-1.65,134,1522.294178
1.88,25,1522.362571
-2.18,112,1522.669408
1.63,139,1523.04402
-2.47,126,1523.852407
1.88,35,1523.940102
-3.4,72,1524.115424
1.88,30,1524.190257
1.4,88,1524.411747
1.59,22,1524.467327
1.88,23,1524.52899
1.32,146,1524.919689
1.88,79,1525.64496
1.88,44,1525.775492
-3.75,104,1526.077219
-1.06,110,1526.410539
-1.78,138,1526.788692
1.88,26,1526.859688
-1.8,145,1528.057233
1.88,14,1528.103266
1.88,23,1528.193639
1.88,59,1528.361804
1.88,23,1528.433385
1.7,156,1528.864977
1.58,158,1529.376683
1.88,114,1530.183008
1.88,27,1530.259521
1.68,132,1530.609258
-1.16,145,1531.044139
1.68,154,1532.027546
1.88,23,1532.094865
1.88,28,1532.173505
1.88,27,1532.251708
-1.23,154,1532.67955
1.88,99,1532.933668
-2.5,96,1533.166058
1.88,31,1533.768067
1.88,40,1533.925398
-1.13,87,1534.246513
1.88,32,1534.358159
1.88,55,1534.552347
1.88,35,1534.648085
1.88,44,1534.771902
1.88,26,1534.842602
1.88,31,1534.924449
-1.33,142,1535.305766
1.88,44,1535.949409
1.71,123,1536.269065
1.66,162,1536.682518
1.88,31,1536.781579
1.16,138,1537.188382
1.88,36,1537.816017
1.72,159,1538.265883
-1.18,139,1538.627407
-1.39,144,1538.986471
1.88,23,1539.066317
-1.68,125,1539.849724
1.88,51,1540.011516
-1.37,122,1540.463004
-1.9,132,1540.904851
-2.01,116,1541.249232
-1.07,104,1541.996929
-1.15,147,1542.352782
1.4,151,1542.730786
1.58,159,1543.586622
-2.95,109,1543.869735
-1.27,130,1544.208825
-1.29,133,1544.561191
1.88,18,1544.609406
1.88,45,1544.7265
1.56,145,1545.484117
1.88,62,1545.630495
-1.65,137,1545.965014
1.88,27,1546.033379
-1.11,146,1546.451217
1.58,158,1547.545224
1.73,82,1547.765057
1.88,32,1547.860943
1.58,158,1548.272657
1.88,51,1548.396752
1.88,27,1548.461574
-1.44,115,1549.264354
1.88,39,1549.36906
1.88,60,1549.539072
1.88,50,1549.67171
1.88,36,1549.767805
1.88,147,1550.180234
-1.54,98,1550.464314
1.88,26,1551.180797
1.88,39,1551.287128
1.88,55,1551.427255
-1.87,138,1551.774054
1.88,31,1551.851703
-1.39,103,1552.123692
1.51,117,1552.446435
-1.42,143,1553.518615
1.88,47,1553.688591
1.63,132,1554.062175
1.13,131,1554.398841
1.88,39,1554.49963
1.24,150,1555.322984
1.88,35,1555.41659
1.88,79,1555.646732
1.5,165,1556.105081
-2.04,56,1556.255984
-1.15,142,1557.144298
1.88,96,1557.377594
1.88,29,1557.446512
1.44,135,1557.778019
1.88,22,1557.828924
1.88,23,1557.883242
1.19,102,1558.135282
1.88,108,1558.97704
1.31,137,1559.514884
-1.23,135,1559.965513
1.64,153,1560.875414
1.88,31,1560.958179
1.88,34,1561.042403
-1.18,141,1561.427076
1.71,87,1561.650218
1.88,35,1561.750561
1.88,53,1561.895874
-1.54,136,1562.777201
1.88,32,1562.862122
1.88,27,1562.930933
-1.62,112,1563.214128
1.47,149,1563.566875
1.88,19,1563.615939
1.88,22,1563.667385
-2.57,101,1563.906783
-3.27,94,1564.621623
-1.18,94,1564.865328
1.88,36,1564.958046
1.88,28,1565.029302
1.88,22,1565.085802
-2.8,124,1565.442367
1.73,42,1565.565183
-1.36,141,1566.548484
-2.91,132,1566.863773
1.65,154,1567.256782
1.88,31,1567.337081
1.61,128,1567.66794
1.88,55,1568.296166
1.88,27,1568.368327
1.73,92,1568.613086
1.88,104,1568.899493
-1.78,143,1569.325282
-1.33,153,1570.130322
1.55,150,1570.529019
1.88,19,1570.581867
1.88,26,1570.650681
1.88,27,1570.719174
1.88,23,1570.779786
1.88,27,1570.848414
1.88,45,1570.963366
-1.68,96,1571.252465
1.88,22,1571.312266
1.88,34,1571.403202
1.88,34,1572.057967
1.88,27,1572.154064
1.88,31,1572.247426
1.88,65,1572.444101
1.69,52,1572.600805
-1.17,148,1572.971669
1.88,19,1573.017024
1.28,121,1573.318241
1.88,27,1573.388427
1.88,15,1573.896616
1.88,31,1573.976228
1.88,23,1574.035459
1.7,89,1574.267292
-1.14,149,1574.673336
1.88,18,1574.721008
1.88,35,1574.811259
1.88,68,1574.986451
1.88,43,1575.090261
1.88,19,1575.135647
1.88,66,1575.725421
1.28,158,1576.115313
1.61,156,1576.520065
1.88,26,1576.586431
-2.38,118,1576.897045
1.88,22,1577.462884
1.69,149,1577.856026
1.88,15,1577.902297
1.69,142,1578.315333
-2.48,116,1578.665992
1.56,153,1579.671503
-1.13,134,1580.019383
1.29,153,1580.430108
1.2,149,1580.815735
1.88,53,1581.409464
1.78,155,1581.805416
1.88,53,1581.937071
1.3,151,1582.325427
1.88,27,1582.397383
1.88,38,1582.49708
1.88,31,1582.575804
1.88,43,1583.172382
1.88,31,1583.249388
1.4,145,1583.618892
1.88,46,1583.7353
1.88,60,1583.876987
-1.23,131,1584.192784
1.88,56,1584.347939
1.88,47,1585.056996
-1.73,104,1585.35795
-2.41,94,1585.60787
1.68,170,1586.047046
1.88,27,1586.117395
1.88,43,1586.230669
-1.07,147,1587.086262
1.88,55,1587.220371
1.62,128,1587.52143
1.58,161,1587.924393
1.88,42,1588.045022
1.88,34,1588.614587
1.49,110,1588.899137
1.88,36,1588.995078
1.88,42,1589.133032
1.88,27,1589.230768
1.88,59,1589.400589
1.88,27,1589.47398
1.22,149,1589.867744
-1.12,147,1590.699742
1.88,30,1590.791394
1.88,27,1590.884967
1.59,144,1591.39606
1.88,45,1591.54599
1.88,22,1591.611023
1.88,40,1591.716613
1.88,37,1591.826882
1.68,150,1592.776744
-1.56,118,1593.11704
1.88,36,1593.222191
-1.26,135,1593.586619
1.88,19,1593.637937
1.88,51,1593.77514
-1.03,140,1594.79472
1.88,18,1594.85974
1.83,155,1595.404479
-1.7,132,1595.873376
1.88,22,1595.950104
1.88,34,1596.063684
1.63,124,1596.93867
1.29,148,1597.504403
1.88,56,1597.717455
1.88,19,1597.782979
1.88,43,1597.930802
1.28,157,1598.397746
-1.05,135,1599.261476
1.88,32,1599.342541
1.88,27,1599.405405
1.88,44,1599.512618
1.88,28,1599.583735
1.04,154,1599.964386
1.88,18,1600.008227
1.49,155,1600.877728
1.88,94,1601.119516
1.88,68,1601.31946
1.88,67,1601.494482
1.88,27,1601.566617
1.88,34,1601.653094
1.88,23,1601.71508
1.88,32,1601.797238
1.88,31,1601.877235
1.88,67,1602.039954
1.88,63,1602.654464
1.03,151,1603.017359
-1.68,114,1603.323152
1.88,44,1603.459873
1.66,142,1603.923532
-3.82,102,1604.808947
-1.02,149,1605.187477
1.88,36,1605.271375
-1.6,101,1605.514078
-2.64,43,1605.620884
1.88,52,1605.747664
1.88,28,1605.811547
-1.38,147,1606.642276
1.88,34,1606.73223
1.62,128,1607.089453
1.88,19,1607.14196
1.88,23,1607.200702
1.88,37,1607.296343
-1.03,151,1607.684362
1.05,107,1608.400233
1.88,46,1608.51018
1.88,25,1608.571783
1.88,19,1608.618075
1.88,48,1608.732672
-1.87,136,1609.079498
1.88,23,1609.16005
1.11,118,1610.027972
1.88,23,1610.126193
1.88,59,1610.327609
1.88,23,1610.403531
1.88,30,1610.515347
1.88,15,1610.566461
1.28,145,1611.030323
1.88,27,1611.111886
1.88,22,1611.179794
1.66,128,1611.499154
1.88,22,1611.555839
1.88,111,1612.343183
1.39,153,1612.7899
-2.97,46,1612.91626
1.88,39,1613.028229
1.88,106,1613.355892
1.88,27,1613.462688
1.88,39,1613.572536
-1.65,142,1614.384907
1.88,35,1614.466663
1.87,161,1614.857929
1.88,32,1614.933936
1.88,66,1615.091899
-1.97,110,1615.849268
-1.41,116,1616.166883
1.88,44,1616.302815
1.36,147,1616.817058
1.88,43,1616.964201
1.5,149,1617.830805
1.88,31,1617.903594
1.88,42,1618.006492
1.88,58,1618.145821
1.45,154,1618.548079
1.88,27,1618.618325
1.88,37,1618.713371
1.88,30,1618.792115
1.88,83,1619.016716
1.88,19,1619.073268
1.88,40,1619.715171
-1.32,130,1620.041424
-2.71,132,1620.37916
-1.69,144,1620.719481
1.88,45,1620.824267
1.88,45,1621.40147
1.88,30,1621.479542
1.88,53,1621.611143
1.88,22,1621.667367
1.1,138,1622.020895
-1.2,149,1622.400695
-1.29,119,1623.375107
-1.7,112,1623.668864
1.88,40,1623.771289
1.73,164,1624.175283
1.88,19,1624.226634
1.88,47,1624.355384
1.15,147,1625.227288
-2.3,90,1625.463576
1.88,28,1625.535267
1.88,11,1625.565123
1.76,50,1625.694695
1.88,39,1625.794834
1.24,157,1626.194263
1.88,48,1626.307105
-2.18,88,1626.945406
1.88,85,1627.180396
1.88,18,1627.226703
1.88,23,1627.286408
1.4,147,1627.666895
1.69,144,1628.033025
1.88,83,1628.748199
1.88,55,1628.921621
1.88,42,1629.046901
1.17,138,1629.556921
1.29,146,1629.95339
1.88,14,1629.995537
-1.24,142,1630.858356
1.88,27,1630.92736
-1.06,108,1631.230935
1.88,35,1631.326115
1.88,33,1631.409525
1.72,95,1631.655225
-1.24,145,1632.013671
-2.58,136,1632.761316
1.7,132,1633.116521
1.88,17,1633.162342
-2.33,102,1633.430796
-3.14,59,1633.584162
1.88,31,1633.666313
1.73,150,1634.533455
1.88,24,1634.606617
1.88,27,1634.68193
1.88,62,1634.830919
1.71,137,1635.175721
1.88,64,1635.350999
-1.63,141,1636.339343
1.24,141,1636.709054
-1.61,142,1637.095221
1.88,27,1637.168157
1.88,24,1637.229389
-3.24,65,1637.397123
1.67,132,1638.168983
-2.25,103,1638.411599
-2.33,118,1638.699516
1.88,31,1638.78555
1.88,24,1638.846803
1.88,31,1638.926492
1.88,30,1639.003763
1.88,73,1639.240525
1.88,27,1639.324845
1.88,41,1639.92111
1.73,37,1640.015581
1.61,133,1640.369284
1.88,27,1640.442965
-2.48,107,1640.71466
1.88,24,1640.776442
1.88,38,1640.869471
-2.23,90,1641.083746
1.28,158,1642.112769
1.72,148,1642.564088
-1.4,113,1642.862731
1.43,148,1643.721631
1.33,153,1644.085096
1.88,100,1644.319332
-2.31,126,1644.624533
1.72,149,1645.482532
-1.92,137,1645.843641
-1.5,138,1646.193183
1.26,160,1646.589427
-2.11,107,1647.306547
1.88,155,1647.701783
-3.33,123,1648.094634
1.19,140,1648.577604
1.88,51,1649.284657
1.88,47,1649.411313
-2.54,143,1649.768391
1.88,31,1649.842178
1.88,49,1649.959821
1.21,145,1650.29792
1.73,141,1651.116399
1.88,84,1651.361766
-1.13,142,1651.728932
1.36,149,1652.11718
1.88,127,1652.890219
1.72,132,1653.198246
1.73,64,1653.359015
1.88,28,1653.442642
1.88,24,1653.512985
-1.74,136,1653.906967
1.88,34,1654.007589
1.88,91,1654.944511
-1.6,136,1655.352741
1.09,149,1655.734636
1.68,131,1656.037934
1.88,27,1656.102417
-1.17,156,1656.921167
1.57,24,1656.985876
1.27,148,1657.393198
1.58,160,1657.799771
1.74,59,1658.434959
1.31,153,1658.803906
-1.01,141,1659.179268
1.88,43,1659.310872
1.58,159,1659.696613
1.88,55,1660.309913
1.55,150,1660.749089
-1.64,115,1661.146153
-2.93,71,1661.415415
1.88,35,1661.53019
1.45,139,1662.306153
1.88,37,1662.393288
-1.01,107,1662.644351
1.88,27,1662.715188
1.15,134,1663.057112
1.88,35,1663.150072
1.88,48,1663.274373
-1.33,146,1664.161433
-4.11,73,1664.350758
1.88,59,1664.50029
1.88,27,1664.568612
1.88,49,1664.697761
1.88,38,1664.789532
1.88,27,1664.851987
-2.36,105,1665.097891
1.88,39,1665.191771
1.88,55,1665.7721
1.88,27,1665.841949
1.88,41,1665.947217
-2.31,62,1666.106084
-2.61,100,1666.371094
-1.89,90,1666.603612
1.88,15,1666.6446
-1.05,146,1667.0947
1.88,63,1667.884621
1.03,138,1668.231181
1.05,146,1668.576378
-2.61,100,1668.833654
1.02,121,1669.699469
1.88,31,1669.781179
1.88,37,1669.8754
1.88,56,1670.020368
1.58,120,1670.329524
1.72,145,1670.691313
1.88,67,1670.846472
1.88,34,1671.378072
1.88,31,1671.45491
1.75,126,1671.783593
1.87,158,1672.18948
-1.37,123,1672.511058
1.88,34,1672.599172
1.88,44,1673.210047
1.88,18,1673.265711
1.73,108,1673.606311
-1.44,121,1673.988292
1.88,35,1674.097968
1.83,152,1674.488438
1.88,36,1674.581102
-1.37,139,1675.427664
-1.88,102,1675.693813
1.11,112,1675.981552
1.88,19,1676.02858
1.66,127,1676.374441
1.88,35,1676.890841
1.73,66,1677.050228
1.88,59,1677.20869
1.51,148,1677.592221
1.88,23,1677.65262
-1.3,128,1677.981902
1.01,120,1678.770742
1.88,20,1678.822725
-1.85,67,1678.991692
1.88,18,1679.04077
-3.31,96,1679.349627
-1.04,160,1679.804655
1.88,48,1679.95958
1.88,23,1680.031384
-1.09,146,1680.973951
1.88,47,1681.097606
1.88,35,1681.200238
1.6,154,1681.613136
-1.45,136,1681.983661
-2.41,129,1682.739678
1.88,103,1682.981447
-2.72,56,1683.1125
1.88,30,1683.184311
1.65,38,1683.280443
1.88,28,1683.351181
-1.98,126,1683.681874
1.88,47,1684.305969
1.88,55,1684.457052
1.11,140,1684.824316
-2.42,120,1685.130249
-1.02,136,1685.447275
-1.68,137,1686.393214
1.88,39,1686.534698
1.88,19,1686.599832
1.88,31,1686.711351
1.88,54,1686.885549
1.28,125,1687.245716
1.88,48,1687.373332
1.58,155,1688.245889
-2.13,91,1688.460432
1.84,158,1688.8315
1.88,35,1688.911902
-3.32,65,1689.070149
1.64,127,1689.94834
1.88,44,1690.058608
1.74,135,1690.411929
1.88,26,1690.480813
-3.19,109,1690.799364
1.88,23,1690.876546
1.88,51,1691.012026
-3.17,89,1691.264088
1.88,47,1691.838665
1.88,52,1691.97301
1.88,27,1692.041644
1.72,157,1692.54267
1.88,31,1692.658553
1.69,155,1693.231002
1.88,124,1694.051549
1.61,120,1694.376733
1.88,32,1694.463497
1.48,161,1694.879096
1.88,69,1695.047064
1.88,38,1695.140182
1.88,19,1695.183756
-1.29,107,1695.933245
1.88,19,1695.984523
1.68,159,1696.409953
1.88,127,1696.747083
-3.1,48,1696.8735
1.88,74,1697.532655
-1.62,103,1697.778868
1.66,131,1698.085505
-1.3,96,1698.333051
-3.05,124,1698.696504
1.54,149,1699.904687
1.88,27,1699.98562
-2.01,139,1700.360402
1.88,23,1700.423799
1.88,27,1700.48967
-1.41,139,1700.825206
1.88,19,1700.871776
-1.36,135,1701.743026
-1.01,152,1702.164468
1.88,23,1702.232292
1.47,133,1702.609663
1.88,15,1702.649513
1.88,39,1702.757463
1.88,36,1702.855526
1.13,142,1703.707025
1.88,23,1703.76244
1.37,135,1704.084752
1.73,154,1704.465618
-1.37,101,1705.365228
1.88,63,1705.595471
1.88,63,1705.825312
1.88,35,1705.940123
-2.63,103,1706.254242
-1.97,93,1706.510132
1.85,145,1707.328243
-3.75,109,1707.601977
1.88,29,1707.678067
1.88,43,1707.794976
1.88,47,1707.918942
1.68,143,1708.311228
1.88,39,1708.419669
1.88,22,1708.475276
1.88,47,1708.601834
1.64,154,1709.554171
1.88,40,1709.656012
1.25,120,1709.961778
-1.14,102,1710.213462
1.88,39,1710.325184
1.37,146,1711.185694
1.47,158,1711.671031
1.88,22,1711.749803
1.88,43,1711.908678
-1.13,137,1712.371924
1.88,24,1712.459548
1.88,21,1712.517059
-2.47,81,1713.144599
1.88,53,1713.269008
1.88,38,1713.360607
1.88,23,1713.41404
1.88,22,1713.465573
1.88,56,1713.601535
1.88,35,1713.700283
1.88,43,1713.829289
1.88,47,1713.97126
1.88,28,1714.055289
1.88,70,1714.245839
-2.14,135,1715.184226
1.88,31,1715.262737
1.9,162,1715.669618
1.88,32,1715.744931
-1.3,108,1715.997303
1.09,145,1716.789594
-1.93,134,1717.181728
-1.78,72,1717.389002
1.88,18,1717.43823
1.88,39,1717.544856
1.88,39,1717.650646
1.33,150,1718.106501
1.88,43,1718.845629
1.88,39,1718.937138
1.88,76,1719.122379
1.88,39,1719.245769
1.88,63,1719.421218
-1.26,154,1719.804281
1.88,86,1720.037001
-1.41,143,1720.886705
1.88,64,1721.048723
1.88,23,1721.107938
1.88,34,1721.195741
-1.92,146,1721.599609
1.88,42,1721.69967
1.4,132,1722.432168
1.66,151,1722.831791
1.88,27,1722.901445
1.61,141,1723.264401
-1.67,117,1723.565378
1.88,91,1724.313755
1.88,44,1724.45991
1.88,52,1724.629426
-1.51,87,1724.913274
1.88,32,1725.010096
1.88,19,1725.067538
-1.05,112,1725.387597
1.88,42,1725.489146
-1.59,138,1726.318601
-1.75,151,1726.711898
-1.29,99,1726.968709
1.88,18,1727.013912
1.88,25,1727.089459
1.88,47,1727.229821
1.88,25,1727.296523
1.88,27,1727.367385
1.88,50,1727.909598
1.88,48,1728.027471
1.88,47,1728.140891
1.88,38,1728.230438
-2.18,77,1728.415569
1.88,31,1728.493074
1.55,148,1728.879453
1.46,153,1729.816233
1.88,43,1729.92835
1.88,46,1730.057041
1.48,159,1730.470213
-1.4,125,1730.84156
-1.78,149,1731.830649
1.88,23,1731.893985
-3.03,139,1732.251235
-1.7,122,1732.567754
-1.41,116,1732.874972
1.88,27,1732.950308
-1.05,144,1733.726079
1.88,15,1733.761542
1.88,44,1733.863845
1.88,33,1733.942009
1.88,39,1734.033174
-1.53,141,1734.371088
1.88,19,1734.422229
1.88,23,1734.480139
1.58,127,1735.288813
-2.15,106,1735.576123
1.38,109,1735.857608
1.14,148,1736.218374
1.88,28,1736.283188
1.72,128,1737.063502
1.88,19,1737.156296
1.44,157,1737.685785
1.88,25,1737.770294
1.88,39,1737.886258
1.6,151,1738.289283
-1.16,145,1739.146664
1.67,138,1739.526859
1.88,33,1739.603194
-1.6,132,1739.92081
1.88,23,1739.976915
1.72,88,1740.197736
-1.31,142,1741.038723
1.88,55,1741.185904
1.88,23,1741.263367
1.88,23,1741.331124
1.88,31,1741.410963
-1.3,151,1741.802231
1.88,19,1741.850742
1.31,152,1742.649104
-1.6,149,1742.99805
1.62,137,1743.415481
1.88,43,1743.570812
-2.06,146,1744.574525
1.42,98,1744.833908
1.68,123,1745.145637
-1.04,142,1745.497923
1.88,31,1745.574313
1.14,143,1746.375168
1.88,30,1746.454125
1.88,32,1746.534372
1.62,128,1746.863353
1.88,36,1746.957333
-1.32,158,1747.386455
1.88,31,1747.467888
1.28,116,1748.249263
-1.07,145,1748.606991
1.88,28,1748.679029
-2.8,84,1748.879969
1.71,152,1749.301666
1.7,131,1750.337887
1.88,35,1750.454814
-1.2,150,1750.881064
1.88,127,1751.205486
1.88,64,1751.383326
1.88,19,1751.427828
1.88,19,1751.47276
1.88,23,1751.957107
1.88,39,1752.04852
1.88,27,1752.112039
1.67,140,1752.473523
1.88,28,1752.545831
1.65,139,1752.904003
1.88,117,1753.204916
1.88,23,1753.762106
1.88,16,1753.802207
-1.39,136,1754.137066
1.88,35,1754.219743
-1.17,112,1754.487736
1.88,35,1754.569057
1.77,131,1754.890098
-2.09,107,1755.635831
1.88,23,1755.700073
1.88,30,1755.777838
1.88,139,1756.213063
1.7,129,1756.658237
-3.22,70,1756.896474
1.88,75,1757.5683
1.88,35,1757.650552
1.32,145,1757.991271
1.07,114,1758.282444
-2.65,96,1758.530879
1.56,147,1759.452601
1.88,23,1759.512981
1.88,42,1759.625762
1.88,53,1759.770136
1.88,43,1759.877222
-1.26,63,1760.036695
1.88,35,1760.120619
1.71,127,1760.430075
-2.35,59,1760.569972
1.21,130,1761.354287
1.88,40,1761.460584
1.35,152,1761.856891
1.34,145,1762.235582
1.88,60,1763.027278
1.43,148,1763.42176
1.81,155,1763.8101
1.88,43,1763.908914
-1.27,149,1764.278896
1.88,22,1764.81235
1.88,26,1764.878825
1.88,44,1764.995211
1.88,36,1765.088253
1.88,15,1765.127413
1.88,20,1765.181292
1.88,99,1765.439648
1.72,58,1765.603163
1.88,27,1765.671049
1.88,28,1765.747002
1.58,161,1766.58594
1.26,161,1766.967128
1.88,39,1767.06632
1.88,26,1767.149899
-2.63,95,1767.404915
1.25,157,1767.81774
1.88,23,1768.356649
-1.69,148,1768.781236
1.88,18,1768.843682
1.88,26,1768.927809
1.48,149,1769.443633
1.88,88,1769.682901
1.88,23,1769.743074
1.88,36,1769.839516
-1.92,41,1770.424973
1.88,34,1770.517
1.88,46,1770.640677
1.88,27,1770.710926
1.88,50,1770.836393
1.33,149,1771.209425
1.88,35,1771.321656
1.62,156,1772.137222
1.1,107,1772.383249
1.88,31,1772.456426
1.88,33,1772.532632
1.59,39,1772.622544
1.64,159,1773.01337
1.88,54,1773.149931
1.88,48,1773.269576
1.88,92,1773.996197
1.69,154,1774.383414
1.67,146,1774.740602
-1.5,90,1774.978652
1.88,23,1775.044275
1.32,144,1776.042564
-2.12,74,1776.373621
1.88,39,1776.582373
-1.14,143,1777.119236
-2.7,93,1777.396035
1.62,130,1778.192474
1.58,158,1778.563722
1.2,142,1778.909321
-1.82,125,1779.288169
-1.06,147,1780.210057
1.88,34,1780.307626
1.88,39,1780.413802
1.5,155,1780.827579
1.88,63,1780.983283
1.88,39,1781.074726
-3.4,74,1781.815367
1.88,24,1781.890728
1.88,39,1782.022379
1.36,155,1782.488372
1.88,110,1782.773598
-1.32,76,1782.989291
1.88,11,1783.018406
1.88,28,1783.096378
1.88,31,1783.188685
1.88,18,1783.238421
1.88,28,1783.838395
-1.31,105,1784.092598
1.16,155,1784.475194
1.88,27,1784.540761
1.88,51,1784.657382
1.88,26,1784.722458
1.88,27,1784.787919
1.46,152,1785.65784
1.88,28,1785.736366
-1.31,136,1786.09106
1.88,59,1786.242769
1.88,31,1786.323316
1.88,27,1786.394644
1.59,147,1786.781555
1.88,87,1787.438333
1.88,46,1787.554908
1.88,50,1787.700961
1.55,148,1788.208456
1.88,30,1788.313681
-3.41,72,1788.552168
-1.88,139,1789.469653
1.14,154,1789.868185
1.37,104,1790.114407
1.88,52,1790.238817
1.6,124,1790.535379
1.88,35,1790.619385
1.88,23,1791.135038
1.88,34,1791.222074
1.88,52,1791.386449
1.88,32,1791.46861
1.06,141,1791.832723
1.88,23,1791.890351
1.61,124,1792.208184
1.58,158,1793.062015
1.88,67,1793.221563
1.46,96,1793.447749
1.88,56,1793.579514
-1.26,154,1793.982046
1.88,27,1794.062716
-1.09,133,1795.107429
-1.76,107,1795.392177
1.88,54,1795.535917
-1.05,143,1795.9127
1.88,36,1795.998844
1.17,155,1796.795471
-1.49,138,1797.177812
1.88,15,1797.222038
1.88,50,1797.359299
-2.54,43,1797.472436
1.73,29,1797.549196
1.76,160,1797.972309
1.88,44,1798.566135
1.65,148,1798.932069
-1.93,123,1799.231868
-1.11,134,1799.596204
-1.65,131,1800.440042
1.88,30,1800.527249
1.88,52,1800.705335
-1.15,123,1801.143595
1.88,36,1801.263323
1.88,30,1801.381415
1.88,35,1801.476059
1.64,158,1802.332296
1.88,28,1802.396017
1.88,63,1802.544423
1.88,35,1802.625487
1.88,32,1802.70388
1.88,27,1802.767513
-2.43,104,1803.010415
-3.88,89,1803.238179
1.18,134,1804.049741
1.88,24,1804.11169
1.88,48,1804.236621
1.88,27,1804.307106
1.88,28,1804.37979
-1.36,104,1804.663077
1.88,23,1804.731464
1.88,37,1804.832377
1.88,100,1805.06906
-2.95,89,1805.282739
-1.33,151,1806.096874
1.42,154,1806.495234
-1.79,94,1806.764532
1.88,69,1806.965733
1.88,27,1807.069192
-3.08,124,1808.05942
1.66,135,1808.376503
-1.37,144,1808.706322
1.64,128,1809.006191
1.67,152,1809.923314
1.61,146,1810.323458
1.88,70,1810.513866
1.88,44,1810.633978
1.88,92,1810.875492
1.16,145,1811.665257
1.54,156,1812.037751
1.88,35,1812.125992
-2.21,23,1812.184786
1.88,47,1812.307459
1.88,62,1812.468083
1.88,31,1812.550994
1.68,34,1812.639114
1.85,164,1813.695662
1.88,60,1813.898944
1.88,39,1814.02289
-2.89,128,1814.357381
1.16,145,1815.172081
1.1,150,1815.56447
-1.17,90,1815.797633
1.88,15,1815.844906
1.88,37,1815.939477
-1.99,117,1816.251065
1.88,18,1816.299995
1.88,28,1816.374702
1.88,41,1816.946919
-1.06,139,1817.298644
1.88,36,1817.390757
-1.18,102,1817.643716
1.88,31,1817.715659
-1.23,108,1817.975548
1.88,27,1818.045038
-1.65,119,1818.827854
1.88,17,1818.870628
-1.43,128,1819.200035
-2.99,88,1819.511868
1.88,91,1819.815413
1.88,46,1819.960814
-1.19,118,1820.791731
-2.59,78,1820.990117
1.13,134,1821.365477
1.88,56,1821.513179
1.88,22,1821.57046
-2.21,136,1821.91976
-2.83,101,1822.657904
1.88,26,1822.726266
1.88,53,1822.858475
-3.71,79,1823.042885
1.88,19,1823.088334
1.88,23,1823.142695
-2.04,117,1823.418494
1.73,76,1823.593368
1.88,32,1823.669547
1.88,31,1823.744962
-2.88,84,1824.434542
1.88,44,1824.547659
1.88,63,1824.715913
1.88,28,1824.797529
-1.2,122,1825.125412
1.88,63,1825.295129
1.88,36,1825.388855
-1.04,136,1826.275416
1.88,30,1826.371191
-1.49,139,1826.797254
1.88,32,1826.880714
1.88,42,1826.998716
-2.54,124,1827.348001
1.31,143,1828.205828
1.88,35,1828.305013
1.88,24,1828.370123
1.16,145,1828.725406
1.88,24,1828.781102
1.88,27,1828.843756
1.11,136,1829.158805
1.88,39,1829.268117
1.88,40,1829.880929
1.09,126,1830.203393
1.6,124,1830.529926
1.88,23,1830.590479
1.21,158,1830.999444
1.88,19,1831.04908
1.88,40,1831.153284
1.88,27,1831.699567
1.88,14,1831.733717
1.52,32,1831.809781
-2.25,106,1832.074071
1.07,131,1832.467295
1.88,45,1832.618655
1.88,28,1832.718098
1.88,56,1832.911529
1.88,71,1833.126767
1.48,143,1833.979204
-1.9,69,1834.157149
1.88,40,1834.258728
1.88,19,1834.307959
1.71,128,1834.619888
1.88,19,1834.665638
1.88,43,1834.77221
1.88,32,1834.84939
1.88,18,1834.89111
1.88,27,1835.393919
1.24,156,1835.804527
1.88,33,1835.887036
-1.02,143,1836.282084
1.88,19,1836.342642
1.88,26,1836.421139
1.88,32,1836.523694
1.88,40,1836.650356
1.88,36,1836.750629
1.88,30,1837.454574
1.19,148,1837.886144
1.31,109,1838.204709
1.88,37,1838.313715
1.88,43,1838.44321
1.88,27,1838.527946
1.88,46,1838.695673
1.88,31,1838.82599
1.88,15,1838.89071
1.88,19,1838.96195
1.2,150,1840.068072
1.88,23,1840.131652
1.12,143,1840.546498
1.65,128,1840.884033
1.88,43,1840.997238
1.88,23,1841.057793
1.88,40,1841.646224
1.55,141,1842.008096
-3.32,116,1842.313061
1.88,45,1842.433067
1.74,86,1842.678087
1.88,36,1842.770509
1.4,148,1843.610326
-1.1,146,1843.965703
1.88,79,1844.158388
-3.15,106,1844.408806
-3.88,132,1845.330423
1.88,60,1845.547574
1.88,35,1845.683251
-1.65,102,1845.996719
1.88,56,1846.15
-1.52,125,1846.465725
1.88,23,1846.522874
1.88,48,1846.656502
1.88,23,1846.719019
-1.99,107,1847.424488
1.11,155,1847.788134
1.88,24,1847.846704
1.88,20,1847.89683
-2.03,132,1848.260858
-1.28,126,1849.043706
1.88,35,1849.130455
1.88,18,1849.176134
1.88,17,1849.223577
1.81,153,1849.674289
1.7,129,1849.982231
1.88,39,1850.073821
-5.03,85,1850.703737
1.8,155,1851.20368
1.88,59,1851.443447
1.79,157,1851.983444
1.88,95,1852.294872
-1.96,118,1853.064173
1.88,23,1853.120897
-3.26,51,1853.241804
1.33,134,1853.554912
1.88,30,1853.62596
-1.37,118,1853.903985
1.88,63,1854.059864
1.88,27,1854.591833
1.88,45,1854.710935
1.88,27,1854.79318
1.88,31,1854.882141
1.65,156,1855.311972
1.88,14,1855.35454
1.88,71,1855.549906
1.73,59,1855.711095
1.17,149,1856.520674
1.88,78,1856.703429
1.44,149,1857.082913
-2.15,55,1857.241051
1.04,121,1857.565502
1.64,149,1858.680733
1.17,148,1859.061735
1.88,36,1859.14646
-2.37,96,1859.422809
1.88,27,1859.489884
1.88,46,1859.598963
1.88,48,1859.71291
1.32,155,1860.568978
1.88,22,1860.625988
1.88,23,1860.686795
-1.71,139,1861.043573
-2.71,106,1861.318635
1.55,146,1862.168712
1.88,27,1862.231988
1.88,32,1862.310141
1.88,43,1862.413267
-2.85,70,1862.576215
1.88,77,1862.757991
1.88,22,1862.810841
1.88,31,1862.881777
1.57,144,1863.248893
-3.01,102,1863.98831
1.17,145,1864.477287
1.88,27,1864.567013
1.88,23,1864.646834
1.88,32,1864.752959
1.88,65,1864.96219
1.71,156,1865.784933
1.27,113,1866.068735
1.59,148,1866.459864
1.61,123,1866.7771
1.12,152,1867.675712
1.88,59,1867.82436
1.88,24,1867.880806
1.88,81,1868.066894
1.88,31,1868.139902
1.88,19,1868.183839
1.88,38,1868.273785
-1.58,142,1868.620489
1.88,27,1868.688802
1.58,158,1869.620725
1.21,157,1870.023026
-2.78,104,1870.305248
1.05,147,1871.452818
-3.69,91,1871.671743
-2.75,96,1871.902086
1.88,35,1871.999461
1.88,31,1872.084882
1.88,48,1872.220723
1.56,150,1872.630902
1.88,34,1872.725702
1.88,27,1873.267209
1.58,160,1873.676696
1.88,27,1873.74586
1.54,155,1874.113737
1.71,135,1874.430208
1.88,27,1874.927706
1.88,33,1875.020538
1.79,100,1875.272832
1.88,23,1875.330942
1.88,19,1875.382057
1.61,31,1875.466244
1.7,131,1875.809249
1.88,15,1875.851992
1.88,24,1875.918161
-2.47,135,1876.803425
1.88,31,1876.88313
-1.66,118,1877.255638
1.69,150,1877.706762
1.88,40,1877.811183
1.88,41,1877.922274
1.88,47,1878.043484
1.66,126,1878.850479
1.88,24,1878.918141
1.88,35,1879.079158
1.03,117,1879.470031
1.53,143,1879.837639
1.67,157,1880.634191
1.88,30,1880.705069
1.88,52,1880.834854
1.88,83,1881.043715
1.7,149,1881.44681
1.69,160,1881.857305
1.88,47,1882.46298
1.88,31,1882.541815
1.35,150,1882.905623
1.65,154,1883.32684
1.88,24,1883.407628
1.88,47,1883.550634
-1.19,156,1884.50268
1.88,24,1884.563551
1.88,27,1884.634067
1.07,146,1885.003802
1.67,93,1885.236201
1.88,35,1885.326173
-1.16,141,1886.088449
1.45,141,1886.425141
-3.08,119,1886.731753
1.72,123,1887.039944
1.88,32,1887.120067
1.88,42,1887.24224
-2.99,110,1888.012558
1.62,112,1888.308258
1.88,19,1888.358104
1.88,23,1888.417914
-3.12,143,1888.753719
-2.54,93,1888.970696
1.88,23,1889.026713
1.66,148,1890.079627
-1.93,98,1890.398218
1.88,39,1890.501147
1.87,160,1890.917209
1.88,63,1891.079553
1.58,34,1891.649138
-2.74,128,1891.953143
1.61,142,1892.291341
1.88,28,1892.362974
-1.14,158,1892.753719
1.55,121,1893.539734
-5.31,89,1893.773376
1.72,122,1894.103251
1.88,72,1894.294361
1.88,35,1894.383472
1.88,25,1894.442638
1.88,51,1894.560465
1.73,142,1895.383431
-3.11,58,1895.551841
-1.71,101,1895.86954
1.88,28,1895.957675
1.88,47,1896.123574
1.88,24,1896.204819
1.88,23,1896.280211
1.58,158,1897.309449
1.88,33,1897.404032
1.88,48,1897.524242
1.7,132,1897.83207
1.88,22,1897.883174
1.56,27,1897.948729
1.88,107,1898.199223
1.88,33,1898.278024
1.88,43,1898.384475
-2.0,97,1899.093838
1.72,80,1899.34099
1.73,73,1899.570989
1.88,43,1899.682164
1.88,19,1899.732595
1.88,22,1899.790924
1.88,39,1899.897567
1.88,19,1899.949268
1.21,148,1900.342225
1.58,153,1901.133513
1.09,109,1901.405269
1.88,55,1901.551669
1.7,156,1901.960557
1.88,35,1902.068205
1.88,23,1902.749707
-2.03,108,1903.123259
1.88,42,1903.241286
1.88,35,1903.347794
-1.93,129,1903.68487
1.88,27,1903.750807
1.45,146,1904.101346
1.88,67,1904.702562
1.88,30,1904.781266
-2.85,99,1905.045364
1.88,27,1905.119643
1.88,27,1905.187438
-1.49,114,1905.484244
-1.44,114,1905.777989
1.88,43,1905.901444
1.88,20,1906.434892
1.88,27,1906.499115
1.88,38,1906.596691
1.88,14,1906.633586
-1.14,147,1907.021427
1.53,162,1907.447941
1.88,60,1907.604486
-1.5,107,1908.371963
1.11,132,1908.774624
-1.48,85,1909.07072
-1.07,141,1909.591612
-1.43,103,1910.280553
-1.23,117,1910.5615
1.88,20,1910.612303
-3.64,85,1910.82606
1.88,36,1910.917909
1.88,26,1910.984434
1.88,33,1911.0674
-1.31,146,1911.467073
-1.69,157,1912.342504
1.88,21,1912.39724
1.88,16,1912.43605
-2.05,141,1912.767099
-1.3,152,1913.124844
1.88,32,1913.205741
-1.03,116,1913.954793
1.35,139,1914.325566
1.88,63,1914.490892
1.88,53,1914.626783
1.88,14,1914.662561
1.58,126,1915.033581
1.88,56,1915.784842
1.88,81,1915.989608
1.88,32,1916.067654
1.32,154,1916.435376
1.88,19,1916.485954
1.88,19,1916.533743
1.88,23,1916.590459
-2.56,89,1916.82136
1.72,131,1917.683371
1.88,48,1917.805614
1.88,35,1917.89377
1.88,41,1917.999862
-1.86,48,1918.125012
1.88,40,1918.226902
1.09,141,1918.57111
1.38,154,1919.408304
1.88,37,1919.527086
1.88,27,1919.599917
-3.1,94,1919.856215
1.88,32,1919.944773
1.88,70,1920.125175
1.88,22,1920.180219
1.88,51,1920.308908
1.88,89,1920.547468
1.88,44,1921.141355
1.61,158,1921.643293
1.88,40,1921.761163
-1.53,110,1922.094983
-1.54,151,1922.491482
1.88,26,1922.561698
