time/time_elapsed,rollout/ep_len_mean,time/total_timesteps,rollout/ep_rew_mean,time/fps,time/iterations,train/entropy_loss,train/value_loss,train/clip_fraction,train/loss,train/policy_gradient_loss,train/n_updates,train/explained_variance,train/clip_range,train/approx_kl,train/learning_rate
2,96.2,512,-0.5120000000000001,208,1,,,,,,,,,,
5,107.55555555555556,1024,-0.14222222222222222,190,2,-2.1415262088179587,0.030793470796197653,0.1814453125,-0.09569990634918213,-0.056310930848121644,10,0.5973479747772217,0.2,0.01746202,0.0003
7,101.71428571428571,1536,-0.3107142857142858,214,3,-1.9953289404511452,0.0363536752294749,0.1890625,-0.06424783170223236,-0.04719779987353832,20,0.3151964545249939,0.2,0.0176774,0.0003
8,101.45,2048,-0.24650000000000002,229,4,-2.0194124802947044,0.05485450862906873,0.2126953125,-0.0827949047088623,-0.05539860043209046,30,0.07030874490737915,0.2,0.020015784,0.0003
10,102.83333333333333,2560,-0.2083333333333334,236,5,-2.038747237622738,0.04718051381641999,0.2158203125,-0.04784669354557991,-0.051611861283890906,40,0.10785454511642456,0.2,0.019123662,0.0003
12,107.07142857142857,3072,-0.35607142857142865,245,6,-2.055939997732639,0.02267669255961664,0.26015625,-0.05356873199343681,-0.05750849829055369,50,0.7741138339042664,0.2,0.021965522,0.0003
14,105.0,3584,-0.3648484848484848,250,7,-2.045382295548916,0.026695838273735718,0.2208984375,-0.045865047723054886,-0.052794604969676584,60,0.7385717630386353,0.2,0.019520264,0.0003
16,105.28947368421052,4096,-0.4352631578947368,255,8,-1.9822167217731477,0.028762679500505327,0.187890625,-0.07940156012773514,-0.05084946581628173,70,0.5934356451034546,0.2,0.017475909,0.0003
18,106.4186046511628,4608,-0.49953488372093013,254,9,-1.9294769257307052,0.027807480923365803,0.196875,-0.08994160592556,-0.054444187832996246,80,0.5513274669647217,0.2,0.018161274,0.0003
19,106.125,5120,-0.394375,257,10,-1.9957362025976182,0.035116423375438896,0.20703125,-0.08095599710941315,-0.05613761059939861,90,0.5867322087287903,0.2,0.018554641,0.0003
21,103.07407407407408,5632,-0.21518518518518526,261,11,-2.024232339859009,0.038170408422593026,0.2302734375,-0.05869337171316147,-0.05402913127327338,100,0.4948222041130066,0.2,0.020806562,0.0003
23,101.68333333333334,6144,-0.0831666666666667,261,12,-1.9014317765831947,0.05271586539456621,0.22109375,-0.08799196034669876,-0.05425674971193075,110,0.15546929836273193,0.2,0.020112367,0.0003
25,101.76923076923077,6656,-0.09692307692307695,263,13,-1.9343194723129273,0.04447283708723262,0.2236328125,-0.07258889824151993,-0.056376642524264754,120,0.5540522336959839,0.2,0.02085203,0.0003
27,101.48571428571428,7168,-0.11885714285714288,265,14,-1.9634962663054467,0.041341348388232294,0.19921875,-0.09829853475093842,-0.053183129499666394,130,0.5246759653091431,0.2,0.02070392,0.0003
28,97.7948717948718,7680,0.07871794871794868,265,15,-1.9195118203759194,0.034960836044047025,0.1994140625,-0.08568193018436432,-0.05064764589769766,140,0.7382078170776367,0.2,0.018588211,0.0003
30,97.05952380952381,8192,0.1646428571428571,266,16,-1.9715207189321518,0.023188827774720266,0.2353515625,-0.0864935889840126,-0.05690176644129678,150,0.25662851333618164,0.2,0.021363102,0.0003
32,97.66292134831461,8704,0.1589887640449437,268,17,-1.8445938885211945,0.022019908635411412,0.2177734375,-0.09613003581762314,-0.049800629005767406,160,0.6709375381469727,0.2,0.021637414,0.0003
34,95.82105263157895,9216,0.26452631578947355,269,18,-1.569863247871399,0.027810419927118347,0.194140625,-0.09739724546670914,-0.05112387307453901,170,0.6502091288566589,0.2,0.018088834,0.0003
36,97.02,9728,0.3007999999999999,269,19,-1.8094053387641906,0.012958558116224594,0.2578125,-0.05659608915448189,-0.0525200255564414,180,0.17332607507705688,0.2,0.019842163,0.0003
38,95.49,10240,0.3569999999999999,268,20,-1.8774040162563324,0.01950093831983395,0.2279296875,-0.03219789266586304,-0.052094471431337296,190,0.5093792676925659,0.2,0.018584995,0.0003
39,95.49,10752,0.34049999999999997,269,21,-1.8621734842658042,0.02747378167696297,0.18515625,-0.04758268967270851,-0.04641909080091864,200,0.709966778755188,0.2,0.015579797,0.0003
41,95.93,11264,0.4105,270,22,-1.7113095387816428,0.041147916798945514,0.1703125,-0.06584922969341278,-0.043801909044850616,210,0.6584244966506958,0.2,0.01618405,0.0003
43,96.02,11776,0.4184999999999999,270,23,-1.7293084397912026,0.027142699522664772,0.1716796875,-0.08877591043710709,-0.04801360657438636,220,0.7401894330978394,0.2,0.017878687,0.0003
45,91.5,12288,0.5843,271,24,-1.6064677566289902,0.038361689122393725,0.1818359375,-0.0559111051261425,-0.043836535781156274,230,0.27297669649124146,0.2,0.017349947,0.0003
47,91.66,12800,0.6612999999999997,272,25,-1.7887069925665855,0.017945567303104325,0.2357421875,-0.07460850477218628,-0.05361179071478546,240,0.7879077196121216,0.2,0.021201793,0.0003
49,90.16,13312,0.7494999999999996,270,26,-1.7974597245454789,0.03275598584441468,0.1712890625,-0.08310887217521667,-0.048719956900458786,250,0.340660035610199,0.2,0.016073897,0.0003
50,90.69,13824,0.8152999999999997,271,27,-1.4898354947566985,0.03231431184685789,0.1892578125,-0.04483983665704727,-0.04678423993755132,260,0.6242880821228027,0.2,0.01694256,0.0003
52,90.3,14336,0.8138999999999997,272,28,-1.57918701171875,0.026167591148987413,0.173828125,-0.04113176092505455,-0.04135971064097248,270,0.33684611320495605,0.2,0.013168201,0.0003
54,91.95,14848,0.7201,272,29,-1.6531775906682014,0.03600689931772649,0.196484375,-0.0601976215839386,-0.047830367810092866,280,0.22274720668792725,0.2,0.016397495,0.0003
56,92.12,15360,0.7608999999999998,272,30,-1.4928547322750092,0.03673907368793152,0.159765625,-0.06856860220432281,-0.04325635478598997,290,0.5683639049530029,0.2,0.015929576,0.0003
58,89.21,15872,0.9280999999999997,272,31,-1.4950580641627311,0.046742992009967566,0.166015625,-0.054680198431015015,-0.04603234329260886,300,0.2984888553619385,0.2,0.017448079,0.0003
60,90.1,16384,0.9236,273,32,-1.671299657225609,0.03016103495028801,0.18515625,-0.08287814259529114,-0.05290696924785152,310,0.5499573945999146,0.2,0.019517563,0.0003
61,90.0,16896,0.8827999999999997,272,33,-1.5774169445037842,0.022747121937572955,0.1455078125,-0.03826995939016342,-0.03887237047310919,320,0.5519692301750183,0.2,0.014459761,0.0003
63,86.73,17408,0.9665999999999997,273,34,-1.4416812539100647,0.03007855107425712,0.144140625,-0.047841742634773254,-0.03652942250482738,330,0.2815471887588501,0.2,0.013796062,0.0003
65,87.74,17920,0.8565999999999999,274,35,-1.548317489027977,0.028403224283829333,0.13828125,-0.06846282631158829,-0.0444130705203861,340,0.4986034631729126,0.2,0.013978314,0.0003
67,86.77,18432,0.8912999999999998,273,36,-1.2721013188362122,0.03916175665799528,0.1404296875,-0.06535078585147858,-0.04045446196105331,350,0.6293435096740723,0.2,0.015073914,0.0003
69,84.85,18944,0.9564999999999998,273,37,-1.5268648892641068,0.020063948235474527,0.178125,-0.027277475222945213,-0.0374681340996176,360,0.4179419279098511,0.2,0.018571198,0.0003
70,81.69,19456,1.0896999999999997,274,38,-1.285428998619318,0.019982447201618923,0.1853515625,-0.027928948402404785,-0.03321395355742425,370,0.325847327709198,0.2,0.015316263,0.0003
72,80.62,19968,1.1276999999999997,275,39,-1.408853580057621,0.028955383109860122,0.1412109375,-0.058094609528779984,-0.04077834793133661,380,0.5217128396034241,0.2,0.014349616,0.0003
74,83.23,20480,1.0605999999999995,274,40,-1.3660840541124344,0.01730912982602604,0.1814453125,-0.036751724779605865,-0.04026293646311387,390,0.8063763976097107,0.2,0.020195939,0.0003
76,80.32,20992,1.0292999999999997,275,41,-1.1972918085753919,0.026717368577374147,0.178125,-0.08043552190065384,-0.04504395730327815,400,0.5956940054893494,0.2,0.020374164,0.0003
78,82.45,21504,1.0473999999999997,275,42,-1.3773459166288375,0.04500953652895987,0.1595703125,-0.06181713193655014,-0.037008165859151634,410,0.6419695615768433,0.2,0.017218716,0.0003
80,83.36,22016,1.0452999999999997,275,43,-1.3232413955032825,0.0590404755086638,0.175,-0.07225121557712555,-0.04730031290091574,420,0.03321152925491333,0.2,0.01676317,0.0003
81,79.19,22528,1.1720999999999995,275,44,-1.4692401185631752,0.042882893118076026,0.2201171875,-0.03320402652025223,-0.04353280656505376,430,-0.41174745559692383,0.2,0.022108074,0.0003
83,78.0,23040,1.1444999999999996,275,45,-1.5247596502304077,0.03559127926127985,0.1783203125,-0.08133283257484436,-0.04880311347078532,440,-0.05567920207977295,0.2,0.021596702,0.0003
85,78.93,23552,1.0048999999999997,276,46,-1.425124926865101,0.029045627865707503,0.18203125,-0.06738121807575226,-0.050372995424550024,450,0.40402257442474365,0.2,0.017912824,0.0003
87,81.19,24064,0.9655999999999999,275,47,-1.2808914229273796,0.04838843180332333,0.134375,-0.05308475345373154,-0.032205643714405596,460,0.6588559150695801,0.2,0.014633776,0.0003
89,81.6,24576,0.9409999999999995,276,48,-1.332478877902031,0.04512157995486632,0.1931640625,-0.05769937485456467,-0.045961909694597125,470,0.17230671644210815,0.2,0.017341789,0.0003
90,81.66,25088,0.8994999999999997,276,49,-1.411560559272766,0.028348780068336056,0.1888671875,-0.059024468064308167,-0.046005774824880066,480,0.5000637769699097,0.2,0.018677393,0.0003
92,83.09,25600,0.8680999999999999,276,50,-1.3000175639986993,0.04011745617026463,0.1814453125,-0.06695953756570816,-0.044359200226608664,490,0.5810002088546753,0.2,0.019092007,0.0003
94,80.42,26112,0.9104999999999999,276,51,-1.2611476458609103,0.045525862218346445,0.1734375,-0.043580085039138794,-0.04341228171251714,500,0.5829724669456482,0.2,0.01738761,0.0003
96,79.47,26624,0.8698999999999998,276,52,-1.300745666027069,0.027888884401181712,0.16640625,-0.0585930198431015,-0.04057686164742336,510,0.5929019451141357,0.2,0.015041469,0.0003
98,82.24,27136,0.6947999999999999,276,53,-1.2162012048065662,0.02780199310509488,0.1978515625,-0.0691029503941536,-0.04846114222891629,520,0.7722244262695312,0.2,0.021877937,0.0003
100,85.1,27648,0.6529999999999998,276,54,-1.1114137522876262,0.07018126705661416,0.113671875,-0.03304708003997803,-0.03007182003930211,530,0.5615441799163818,0.2,0.013153551,0.0003
101,86.04,28160,0.6599999999999997,276,55,-1.3014143578708173,0.03877274616388604,0.1720703125,-0.05322642624378204,-0.04478823847603053,540,0.4029940366744995,0.2,0.02053598,0.0003
103,87.58,28672,0.6549999999999998,276,56,-1.160235595703125,0.04428059533238411,0.17578125,-0.0523221530020237,-0.03763820078456774,550,0.2809079885482788,0.2,0.019661779,0.0003
105,84.85,29184,0.7579999999999997,276,57,-1.3219403743743896,0.01942380326217972,0.208203125,-0.05436191335320473,-0.04768670757766813,560,0.7680330872535706,0.2,0.019898737,0.0003
107,86.77,29696,0.7562999999999996,275,58,-1.31548161059618,0.01809657465200871,0.1548828125,-0.05878042057156563,-0.04321832456625998,570,0.7596433758735657,0.2,0.0169014,0.0003
109,85.28,30208,0.7721999999999999,275,59,-1.3293950378894805,0.014398425415856763,0.17421875,-0.06345883011817932,-0.043418605369515716,580,0.8439319729804993,0.2,0.019169882,0.0003
111,83.12,30720,0.7735999999999996,275,60,-1.247547686100006,0.02738394493353553,0.1515625,-0.06248953938484192,-0.03612594711594284,590,0.7953411340713501,0.2,0.014927426,0.0003
113,81.75,31232,0.7651999999999997,275,61,-1.1998876377940177,0.01846786683308892,0.1400390625,-0.05955156311392784,-0.04185679984511807,600,0.4613691568374634,0.2,0.015580509,0.0003
115,78.81,31744,0.9502999999999997,275,62,-1.1856442376971246,0.029435332957655193,0.1447265625,-0.044252876192331314,-0.03819819629425183,610,0.49961304664611816,0.2,0.016719662,0.0003
116,76.81,32256,0.9603999999999999,276,63,-1.2198187582194806,0.009307125414488837,0.1708984375,-0.0795392245054245,-0.04453148628817871,620,0.5818551778793335,0.2,0.016638612,0.0003
118,77.76,32768,0.9330999999999999,275,64,-1.0268537312746049,0.03995759273529984,0.1244140625,-0.036931779235601425,-0.027905800892040134,630,0.4909508228302002,0.2,0.0129712075,0.0003
120,76.11,33280,1.0255999999999996,275,65,-1.0857014507055283,0.019616472313646226,0.165625,-0.06352519989013672,-0.03998481316957623,640,0.8912371397018433,0.2,0.017946351,0.0003
122,77.72,33792,1.0384999999999995,275,66,-1.1801979705691337,0.025430857803439722,0.1619140625,-0.04683602601289749,-0.038618269143626094,650,0.024231374263763428,0.2,0.018265527,0.0003
124,78.88,34304,0.9774999999999996,275,67,-0.9575402148067951,0.015943364711711185,0.158984375,-0.05829716473817825,-0.0366119957761839,660,0.3882923126220703,0.2,0.013856554,0.0003
126,78.8,34816,1.0142999999999995,275,68,-1.1242055773735047,0.03347229552455246,0.1421875,-0.0405164510011673,-0.03767588273622095,670,0.7568650245666504,0.2,0.015440925,0.0003
128,77.98,35328,0.9641999999999998,275,69,-0.7832034066319465,0.028073354298248886,0.106640625,-0.03994857147336006,-0.0348759830580093,680,0.7971663475036621,0.2,0.013728369,0.0003
130,78.58,35840,0.9161999999999998,275,70,-0.8972185365855694,0.052215156215243044,0.14140625,-0.031352583318948746,-0.03596505392342806,690,0.5397147536277771,0.2,0.016390473,0.0003
132,79.97,36352,0.9050999999999998,275,71,-0.9921987272799015,0.03633410371257924,0.155859375,-0.06277374178171158,-0.04174551065079868,700,0.4554724097251892,0.2,0.01751351,0.0003
133,78.72,36864,0.8790999999999997,275,72,-1.092343521863222,0.04492358971619979,0.1572265625,-0.050167016685009,-0.035482845501974225,710,0.33180153369903564,0.2,0.017200967,0.0003
135,77.51,37376,0.7966999999999997,275,73,-1.0604945681989193,0.05824865663889796,0.141015625,-0.05684177577495575,-0.03300458807498217,720,0.08657371997833252,0.2,0.013557954,0.0003
137,77.84,37888,0.8663999999999997,275,74,-1.0313706018030644,0.028411822294583545,0.1560546875,-0.0427352711558342,-0.03805476946290583,730,0.7785706520080566,0.2,0.0179775,0.0003
139,78.85,38400,0.7690999999999998,275,75,-0.9533763885498047,0.02757803046843037,0.1744140625,-0.042128320783376694,-0.042523655446711925,740,0.1966680884361267,0.2,0.020525906,0.0003
141,80.2,38912,0.8430999999999996,275,76,-1.0657438598573208,0.032651480188360435,0.180859375,-0.06556890904903412,-0.03809067294932902,750,0.4715292453765869,0.2,0.017773334,0.0003
143,81.26,39424,0.7722999999999998,275,77,-0.9861282892525196,0.02813872219994664,0.158203125,-0.048798393458127975,-0.03955800615949556,760,0.017213940620422363,0.2,0.021092923,0.0003
145,83.2,39936,0.7605999999999998,275,78,-0.997509254515171,0.03149628756800667,0.1744140625,-0.03812671825289726,-0.0408063703100197,770,0.5463517904281616,0.2,0.019725934,0.0003
146,84.99,40448,0.7222999999999999,275,79,-1.030290773510933,0.025210978387622162,0.164453125,-0.06065111607313156,-0.03728754804469645,780,0.46776890754699707,0.2,0.015128138,0.0003
148,88.72,40960,0.7038000000000001,275,80,-0.9267446309328079,0.013192204886581748,0.1376953125,-0.046076297760009766,-0.03654539769049734,790,0.7025759816169739,0.2,0.015355012,0.0003
150,89.32,41472,0.8169999999999998,275,81,-0.7935110412538051,0.014762958881328813,0.1361328125,-0.04294995591044426,-0.03384362745564431,800,0.07870209217071533,0.2,0.014477297,0.0003
152,88.87,41984,0.8028999999999997,275,82,-0.9179712630808353,0.009421036517596803,0.1302734375,-0.0347694531083107,-0.030913098412565888,810,0.06300055980682373,0.2,0.014619757,0.0003
154,91.57,42496,0.7854999999999999,275,83,-1.0063216239213943,0.04180985804414376,0.180859375,-0.054541148245334625,-0.040498368465341626,820,0.475147545337677,0.2,0.0222998,0.0003
156,92.33,43008,0.7537999999999998,275,84,-0.9103164210915565,0.020452705456409603,0.1271484375,-0.03754869103431702,-0.03379858273547143,830,0.49159401655197144,0.2,0.0137322685,0.0003
158,90.92,43520,0.8590999999999999,275,85,-1.0472863458096981,0.0198050643899478,0.172265625,-0.05845874175429344,-0.03874854383757338,840,0.4031408429145813,0.2,0.018541383,0.0003
160,90.34,44032,0.9090999999999998,275,86,-0.8991027101874352,0.010898707210435532,0.1583984375,-0.03642533719539642,-0.03818510207347572,850,0.5352012515068054,0.2,0.017354753,0.0003
162,87.12,44544,1.0064999999999997,274,87,-0.9580524250864982,0.024959179968573154,0.140625,-0.03644118085503578,-0.03906646172981709,860,0.39903581142425537,0.2,0.016945919,0.0003
163,86.45,45056,1.0456999999999999,274,88,-0.8044101320207119,0.04468414450529963,0.1365234375,-0.041926704347133636,-0.02998659034492448,870,0.5479332804679871,0.2,0.017541546,0.0003
165,87.03,45568,1.0517999999999998,275,89,-0.7021462231874466,0.022038746596081182,0.1216796875,-0.04294300451874733,-0.033131404605228454,880,0.6562418937683105,0.2,0.014212513,0.0003
167,85.52,46080,1.1241999999999999,275,90,-0.9514675952494145,0.03897502232575789,0.159375,-0.030636362731456757,-0.0339185586781241,890,0.666527271270752,0.2,0.019058898,0.0003
169,85.92,46592,1.0182999999999998,274,91,-0.7036773700267076,0.03160514499759302,0.099609375,-0.048298049718141556,-0.024919182411395013,900,0.453102707862854,0.2,0.010938132,0.0003
171,84.25,47104,1.0552999999999997,274,92,-0.7928181327879429,0.045825074671301994,0.1296875,-0.031004272401332855,-0.02807315798709169,910,0.6224711537361145,0.2,0.015164073,0.0003
173,85.65,47616,1.0140999999999998,274,93,-0.8099545501172543,0.023607472737785427,0.1236328125,-0.050952475517988205,-0.03179726148955524,920,0.5733799934387207,0.2,0.013055205,0.0003
175,84.4,48128,1.0633999999999997,274,94,-0.8993031173944473,0.03249470138689503,0.1578125,-0.05050824582576752,-0.037201454886235295,930,0.5751956701278687,0.2,0.021117289,0.0003
177,81.17,48640,1.0196999999999996,274,95,-0.8191510610282421,0.021526482986519112,0.1830078125,-0.06266157329082489,-0.04263649163767695,940,0.7742512226104736,0.2,0.048080996,0.0003
178,80.0,49152,0.9495999999999998,274,96,-0.7810034647583961,0.02942287937621586,0.1580078125,-0.04254411906003952,-0.030151392333209515,950,0.4199565052986145,0.2,0.015113793,0.0003
180,78.4,49664,0.9581999999999996,274,97,-0.9767475232481957,0.0352719320973847,0.164453125,-0.03549209609627724,-0.03905318157048896,960,0.6948047876358032,0.2,0.02093913,0.0003
182,78.23,50176,0.8479999999999999,274,98,-0.6961177848279476,0.0325464922352694,0.1068359375,-0.028881151229143143,-0.030162113875849172,970,0.5053163170814514,0.2,0.012495053,0.0003
184,80.92,50688,0.8064999999999997,274,99,-0.9120352201163768,0.038906845124438406,0.141015625,-0.0514913946390152,-0.03238993538543582,980,0.5565075278282166,0.2,0.015232703,0.0003
186,79.33,51200,0.7538999999999996,274,100,-1.097797291725874,0.04274285831488669,0.171875,-0.04050305485725403,-0.03793140416964889,990,0.6474389433860779,0.2,0.021474283,0.0003
188,78.35,51712,0.7054999999999997,274,101,-0.8783722504973411,0.03579543115338311,0.1865234375,-0.05780060961842537,-0.04352762105409056,1000,0.6248724460601807,0.2,0.02232429,0.0003
190,80.32,52224,0.6377999999999998,274,102,-0.9629070855677128,0.025443531118799,0.2150390625,-0.08134225755929947,-0.04414464358706027,1010,0.7762003540992737,0.2,0.028474145,0.0003
192,81.96,52736,0.6706999999999997,274,103,-1.1380258552730083,0.02531293813372031,0.146484375,-0.05338253080844879,-0.034266562142875046,1020,0.835120677947998,0.2,0.021155328,0.0003
194,80.93,53248,0.5644,274,104,-0.7878737062215805,0.025058416672982274,0.121484375,-0.04515601322054863,-0.03048574011772871,1030,0.6475620269775391,0.2,0.013828111,0.0003
196,81.24,53760,0.6016999999999999,274,105,-0.861095741391182,0.03836636228952557,0.13203125,-0.03343644365668297,-0.03658577299211174,1040,0.7459306716918945,0.2,0.01359449,0.0003
198,82.87,54272,0.6395,274,106,-0.7699271842837334,0.027302523818798365,0.1357421875,-0.0523366704583168,-0.03321305550634861,1050,0.1955578327178955,0.2,0.018004112,0.0003
199,79.9,54784,0.7637999999999997,273,107,-0.7653439201414585,0.023938845773227514,0.104296875,-0.05036306008696556,-0.02947112445253879,1060,0.2550615072250366,0.2,0.01216144,0.0003
201,81.01,55296,0.6865999999999999,273,108,-0.8323894433677197,0.01785665896604769,0.1603515625,-0.06434231251478195,-0.04232970566954464,1070,0.6740416288375854,0.2,0.021801395,0.0003
203,82.05,55808,0.6747999999999997,273,109,-0.7796223521232605,0.04261411302722991,0.13828125,-0.036725662648677826,-0.029572364944033324,1080,0.654154896736145,0.2,0.023903646,0.0003
205,81.41,56320,0.7554999999999997,274,110,-0.9665298417210579,0.045628729846794155,0.1765625,-0.0775652527809143,-0.04440789078362286,1090,0.48849034309387207,0.2,0.023220927,0.0003
207,83.05,56832,0.6861999999999998,273,111,-0.8060533128678798,0.01482120951404795,0.146484375,-0.04578464478254318,-0.029848634754307567,1100,0.4850153923034668,0.2,0.022358468,0.0003
209,81.84,57344,0.7740999999999997,273,112,-0.9614431351423264,0.0428322413819842,0.1638671875,-0.035764291882514954,-0.02712894862052053,1110,0.4521098732948303,0.2,0.01742151,0.0003
211,79.87,57856,0.9104999999999996,274,113,-1.1728529416024684,0.027530471608042718,0.2384765625,-0.0639067143201828,-0.04966337219811976,1120,0.5297176241874695,0.2,0.026039716,0.0003
213,76.05,58368,1.0362999999999998,274,114,-0.762631656229496,0.015260405227309093,0.13203125,-0.033727530390024185,-0.03464914412470534,1130,0.7867478728294373,0.2,0.016853414,0.0003
214,77.59,58880,0.9543999999999998,274,115,-0.7829556882381439,0.01598776108585298,0.14296875,-0.0600135438144207,-0.03591680678073317,1140,0.11890918016433716,0.2,0.014327702,0.0003
216,78.91,59392,0.9641999999999998,273,116,-0.8961477607488633,0.05738254215102643,0.1771484375,-0.0419670045375824,-0.03793046935461462,1150,0.5333410501480103,0.2,0.020111669,0.0003
218,75.9,59904,1.0888999999999995,274,117,-0.7256661832332612,0.014893761271378026,0.146875,-0.043601568788290024,-0.038898011448327455,1160,0.8015554547309875,0.2,0.020813853,0.0003
1290,76.54,60416,0.9997999999999998,46,118,-0.705001437664032,0.021249494922813028,0.1578125,-0.07083102315664291,-0.038624216127209364,1170,0.8108246922492981,0.2,0.015571909,0.0003
1293,75.47,60928,1.0835999999999997,47,119,-0.9238974943757057,0.0362006934476085,0.181640625,-0.03461496904492378,-0.03529050206998363,1180,0.7659285068511963,0.2,0.02368259,0.0003
1297,74.91,61440,0.9843999999999998,47,120,-0.7454523473978043,0.025578516843961552,0.1939453125,-0.056147363036870956,-0.0426527384435758,1190,0.7868250608444214,0.2,0.028285174,0.0003
1300,76.99,61952,0.8980999999999998,47,121,-0.8156848937273026,0.03728189560351893,0.1095703125,-0.055743392556905746,-0.02794425073079765,1200,0.6593453884124756,0.2,0.022987483,0.0003
1304,78.15,62464,0.8200999999999999,47,122,-0.8702367223799229,0.029871269641444088,0.153125,-0.054530076682567596,-0.03521294985548593,1210,0.7147084474563599,0.2,0.017428702,0.0003
1307,77.8,62976,0.7259999999999996,48,123,-0.7166840113699436,0.044872895907610656,0.13359375,-0.036995984613895416,-0.032188193895854054,1220,0.4884135127067566,0.2,0.01758129,0.0003
1310,78.2,63488,0.7728999999999998,48,124,-0.7909771248698234,0.040921392384916544,0.137109375,-0.0523359552025795,-0.036477600084617735,1230,0.7747212648391724,0.2,0.01637306,0.0003
1313,78.34,64000,0.7682999999999999,48,125,-0.8450580388307571,0.03395053641870618,0.166015625,-0.06701701134443283,-0.04478021760005504,1240,0.6812441945075989,0.2,0.022648092,0.0003
1317,79.91,64512,0.7293,48,126,-0.7330905459821224,0.046716629213187845,0.1150390625,-0.021864155307412148,-0.028281561005860566,1250,0.4825814366340637,0.2,0.016415153,0.0003
1320,77.71,65024,0.7752999999999998,49,127,-0.9358592003583908,0.036245611333288255,0.1650390625,-0.053534746170043945,-0.03462509289383888,1260,0.7061684131622314,0.2,0.018265087,0.0003
1324,76.94,65536,0.7362999999999996,49,128,-0.7643318735063076,0.04146013428689912,0.1421875,-0.021224575117230415,-0.029752730834297837,1270,0.4822654724121094,0.2,0.013605542,0.0003
1327,78.43,66048,0.5791999999999998,49,129,-0.7305198334157467,0.035600222006905824,0.1337890625,-0.052146218717098236,-0.03453846251359209,1280,0.3191518783569336,0.2,0.017966054,0.0003
1330,78.06,66560,0.6541999999999999,50,130,-0.8222958028316498,0.0383486267121043,0.1447265625,-0.05270467326045036,-0.03599379451479763,1290,0.7646321654319763,0.2,0.020721167,0.0003
1333,77.79,67072,0.6959999999999998,50,131,-0.7176932781934738,0.03214078771416098,0.1380859375,-0.0241224467754364,-0.029713987722061574,1300,0.4606114625930786,0.2,0.0147223305,0.0003
1337,76.84,67584,0.6900999999999996,50,132,-0.7662518277764321,0.03038653308758512,0.1671875,-0.04025212675333023,-0.03805442291777581,1310,0.45567578077316284,0.2,0.022471303,0.0003
1340,75.15,68096,0.7725999999999997,50,133,-0.8623279564082622,0.02544729951187037,0.1400390625,-0.04220886901021004,-0.03939930356573314,1320,0.7373758554458618,0.2,0.016134152,0.0003
1343,77.48,68608,0.7928999999999999,51,134,-0.676971436291933,0.022860167030012236,0.143359375,-0.042525146156549454,-0.03981810121331364,1330,0.7036153078079224,0.2,0.023303764,0.0003
1347,79.98,69120,0.6779999999999999,51,135,-0.6612738505005836,0.018593660194892437,0.127734375,-0.04603879153728485,-0.0292625583242625,1340,0.6032506227493286,0.2,0.014049353,0.0003
1350,79.36,69632,0.7163999999999997,51,136,-0.7918841250240802,0.036496913875453174,0.14765625,-0.04043157398700714,-0.033298724167980256,1350,0.6663471460342407,0.2,0.044266198,0.0003
1354,79.8,70144,0.7162,51,137,-0.8061118863523007,0.03942199992015958,0.1630859375,-0.04991559684276581,-0.03551440523006022,1360,0.6938503980636597,0.2,0.02256392,0.0003
1358,78.93,70656,0.8408999999999998,52,138,-0.793265775591135,0.046814548538532105,0.1474609375,-0.03512424975633621,-0.03436829765560105,1370,0.5907344818115234,0.2,0.01755856,0.0003
1361,80.96,71168,0.8624999999999996,52,139,-0.7334992706775665,0.03829521631123498,0.1443359375,-0.03762847185134888,-0.030766307073645294,1380,0.6001367568969727,0.2,0.014453989,0.0003
1365,80.76,71680,0.8259999999999998,52,140,-0.7944555521011353,0.026511754939565434,0.182421875,-0.04835458844900131,-0.04900494778994471,1390,0.6710508465766907,0.2,0.020350821,0.0003
1369,78.77,72192,0.7963999999999998,52,141,-0.9078122496604919,0.02241143522551283,0.1765625,-0.052348822355270386,-0.03827559857163578,1400,0.8796982169151306,0.2,0.020968478,0.0003
1373,78.52,72704,0.7327999999999997,52,142,-0.8538672044873238,0.037225028488319364,0.1681640625,-0.08061284571886063,-0.040324309328570965,1410,0.7392927408218384,0.2,0.022809468,0.0003
1377,80.37,73216,0.6983999999999998,53,143,-0.7320324204862118,0.03334770642686635,0.1484375,-0.03950819373130798,-0.03482195668620989,1420,0.7690485715866089,0.2,0.024121482,0.0003
1380,83.69,73728,0.7062999999999999,53,144,-0.7777361534535885,0.02635148846311495,0.1466796875,-0.07128464430570602,-0.03469082296360284,1430,0.7966002821922302,0.2,0.018300276,0.0003
1384,85.71,74240,0.7426999999999998,53,145,-0.7760238297283649,0.07909329778049141,0.1341796875,-0.009253397583961487,-0.028000375686679034,1440,0.47248756885528564,0.2,0.016149957,0.0003
1388,83.39,74752,0.8388999999999998,53,146,-0.76535007879138,0.03748041254002601,0.15625,-0.04327769577503204,-0.03958930631633848,1450,0.19266879558563232,0.2,0.020468604,0.0003
1392,83.68,75264,0.8283999999999998,54,147,-0.6991903111338615,0.028412037121597677,0.1357421875,-0.034573934972286224,-0.027929698885418474,1460,0.5820850729942322,0.2,0.0173055,0.0003
1396,84.88,75776,0.7764999999999996,54,148,-0.7899264186620713,0.026979908911744132,0.174609375,-0.050185829401016235,-0.04109216819051653,1470,0.4521169066429138,0.2,0.026853347,0.0003
1400,83.02,76288,0.7612999999999999,54,149,-0.8239085808396339,0.026715737767517567,0.140625,-0.05972883477807045,-0.034644875733647496,1480,0.7009745240211487,0.2,0.01678472,0.0003
1404,84.35,76800,0.7010999999999998,54,150,-0.7932319983839988,0.04952105944976211,0.12578125,-0.03710509464144707,-0.030699726240709425,1490,0.585198700428009,0.2,0.017338606,0.0003
1408,86.4,77312,0.6599999999999998,54,151,-0.9363849200308323,0.020498653809772803,0.1794921875,-0.05681787431240082,-0.04095911287004128,1500,0.8109482526779175,0.2,0.041575223,0.0003
1412,87.52,77824,0.6649999999999998,55,152,-0.885790903866291,0.02785175704630092,0.18515625,-0.039059918373823166,-0.04045421718619764,1510,0.7738490104675293,0.2,0.018256616,0.0003
1417,87.37,78336,0.7894999999999998,55,153,-0.7643938563764096,0.0262019781046547,0.1158203125,-0.03224243223667145,-0.032286910817492756,1520,0.6269118785858154,0.2,0.0150162615,0.0003
1420,85.7,78848,0.8390999999999997,55,154,-0.687005528062582,0.021604531595949085,0.1427734375,-0.0339694544672966,-0.03155007127206773,1530,0.497599720954895,0.2,0.017523322,0.0003
1425,87.03,79360,0.8628999999999998,55,155,-0.8165187247097492,0.03021554728038609,0.165234375,-0.04583106189966202,-0.04629132056143135,1540,0.7704132795333862,0.2,0.019269384,0.0003
1428,86.11,79872,0.8445999999999998,55,156,-0.6522213544696569,0.013706804090179502,0.109765625,-0.030590299516916275,-0.024505748879164457,1550,0.6894696950912476,0.2,0.0152687365,0.0003
1433,85.38,80384,0.8736999999999996,56,157,-0.683885745704174,0.043118409637827426,0.1548828125,-0.03381626307964325,-0.031410307087935505,1560,0.2155168056488037,0.2,0.11046524,0.0003
1437,86.69,80896,0.9847999999999998,56,158,-0.9607493840157986,0.023449252406135202,0.1568359375,-0.06696785241365433,-0.040234121424145994,1570,0.5851578712463379,0.2,0.02127261,0.0003
1441,89.19,81408,0.9596999999999997,56,159,-0.8134763814508915,0.017562351009109987,0.1556640625,-0.06341389566659927,-0.038527847616933286,1580,0.6023445129394531,0.2,0.024929384,0.0003
1445,84.8,81920,1.0397999999999996,56,160,-0.7827758975327015,0.030974573054118083,0.140234375,-0.026148546487092972,-0.02872163215652108,1590,0.4711611866950989,0.2,0.01809284,0.0003
1449,80.32,82432,1.0177999999999998,56,161,-0.8946058921515941,0.019775181927252562,0.187890625,-0.0482102632522583,-0.045111288852058354,1600,0.8038007616996765,0.2,0.028103516,0.0003
1453,79.58,82944,0.9488999999999997,57,162,-0.7183577246963978,0.03657114256639034,0.1361328125,-0.05421791225671768,-0.032916181214386595,1610,0.5605833530426025,0.2,0.021375896,0.0003
1457,82.28,83456,0.9019999999999999,57,163,-0.908187123388052,0.031627504923380914,0.1826171875,-0.06447163969278336,-0.04429140313295647,1620,0.6423733234405518,0.2,0.021824943,0.0003
1461,83.77,83968,0.9819999999999997,57,164,-0.9757378682494163,0.020701761631062254,0.2046875,-0.06719646602869034,-0.04436783159617334,1630,0.8398255109786987,0.2,0.020172097,0.0003
1465,81.74,84480,1.0421999999999998,57,165,-0.6787747025489808,0.010111637838417665,0.1525390625,-0.04924481362104416,-0.0370347059564665,1640,0.41822296380996704,0.2,0.030504832,0.0003
1469,82.26,84992,1.1008999999999995,57,166,-0.7523223116993905,0.02204356127185747,0.1181640625,-0.039845362305641174,-0.03344471261370927,1650,0.7354416251182556,0.2,0.0118940715,0.0003
1472,77.38,85504,1.1972999999999998,58,167,-0.7229353718459606,0.01082693415810354,0.162109375,-0.06455901265144348,-0.0326144885388203,1660,0.5170936584472656,0.2,0.021095544,0.0003
1477,76.46,86016,1.1628999999999998,58,168,-0.9316863164305687,0.05266522886813618,0.21484375,-0.06076907739043236,-0.04105137400329113,1670,0.2115200161933899,0.2,0.03487967,0.0003
1480,77.71,86528,1.0941999999999998,58,169,-0.7430336311459541,0.019801370066124944,0.172265625,-0.04062342643737793,-0.034667351882671935,1680,0.5717651844024658,0.2,0.024369264,0.0003
1484,81.02,87040,1.0801,58,170,-0.8340465724468231,0.03737743725068867,0.1888671875,-0.06392612308263779,-0.037423563888296485,1690,0.7666137218475342,0.2,0.030791048,0.0003
1488,78.77,87552,1.1191999999999998,58,171,-0.6227867688983679,0.017697199585381896,0.157421875,-0.06370365619659424,-0.03828338470775634,1700,0.38368546962738037,0.2,0.037898086,0.0003
1492,77.37,88064,1.1404999999999996,59,172,-0.5669167999178171,0.015116615057922899,0.159375,-0.05528867244720459,-0.03658776006195694,1710,0.6828844547271729,0.2,0.018674945,0.0003
1496,76.58,88576,1.0319999999999996,59,173,-0.7814331158995629,0.021667212998727335,0.150390625,-0.0353902168571949,-0.031180681090336292,1720,0.802116870880127,0.2,0.018235069,0.0003
1499,74.02,89088,1.0119999999999998,59,174,-0.9182340547442436,0.07999516666168346,0.153125,-0.032143186777830124,-0.029446302005089818,1730,0.3756558895111084,0.2,0.0176498,0.0003
1503,75.32,89600,0.9781999999999997,59,175,-0.9730563953518867,0.029499180405400692,0.2150390625,-0.06625711172819138,-0.04828346064314246,1740,0.7816767692565918,0.2,0.030243728,0.0003
1506,78.64,90112,0.9268999999999998,59,176,-0.9136502794921398,0.05231665867613629,0.1818359375,-0.05328153818845749,-0.04150018650107086,1750,0.47625595331192017,0.2,0.036349833,0.0003
1508,79.21,90624,0.8331999999999996,60,177,-0.912845004349947,0.01274955875996966,0.205078125,-0.05642323195934296,-0.04413185678422451,1760,0.9159920811653137,0.2,0.027080197,0.0003
1510,78.44,91136,0.8780999999999998,60,178,-0.7367772296071052,0.04902840491849929,0.125390625,-0.013565447181463242,-0.026446809514891357,1770,0.6710454225540161,0.2,0.013209065,0.0003
1512,77.91,91648,0.7786999999999997,60,179,-0.9652456790208817,0.029431478295009583,0.1923828125,-0.06142651289701462,-0.04580057067796588,1780,0.7895069122314453,0.2,0.025194345,0.0003
1514,78.83,92160,0.7050999999999996,60,180,-0.636185447126627,0.046356128179468215,0.1587890625,-0.042191825807094574,-0.03697034560609609,1790,0.6767968535423279,0.2,0.024820376,0.0003
1516,78.33,92672,0.6772999999999999,61,181,-0.8639961071312428,0.052538677398115394,0.14921875,-0.043899230659008026,-0.03185252307448536,1800,0.6071044206619263,0.2,0.017575707,0.0003
1518,79.74,93184,0.6778999999999997,61,182,-0.5864450838416815,0.036330698372330515,0.1603515625,-0.05966152995824814,-0.033991452492773536,1810,0.595363438129425,0.2,0.026047967,0.0003
1520,79.58,93696,0.6374999999999997,61,183,-0.6965621091425419,0.012428763986099512,0.1583984375,-0.05974002927541733,-0.03191389287821948,1820,0.8732184171676636,0.2,0.02429978,0.0003
1522,77.87,94208,0.6948999999999999,61,184,-0.8180833250284195,0.04220361551269889,0.169140625,-0.04735512286424637,-0.041113016987219454,1830,0.48912501335144043,0.2,0.021041293,0.0003
1524,76.26,94720,0.7630999999999998,62,185,-0.7207812283188104,0.02298400838044472,0.17109375,-0.05203227698802948,-0.03790680191013962,1840,0.633298397064209,0.2,0.028554726,0.0003
1526,78.88,95232,0.7030999999999998,62,186,-0.5698691993951798,0.024692155048251153,0.1349609375,-0.020651575177907944,-0.02970846227835864,1850,0.6704273223876953,0.2,0.017441452,0.0003
1528,81.32,95744,0.5654,62,187,-0.9479531474411488,0.024520085484255105,0.194140625,-0.036165751516819,-0.038866216118913145,1860,0.7409637570381165,0.2,0.024788272,0.0003
1530,83.15,96256,0.5106999999999999,62,188,-0.7102248251438141,0.04525619342457503,0.139453125,-0.032740164548158646,-0.029937307513318957,1870,0.5838677883148193,0.2,0.019438995,0.0003
1531,83.48,96768,0.544,63,189,-0.712321649491787,0.025036909914342688,0.1357421875,-0.04681036248803139,-0.024511465267278255,1880,0.7741574048995972,0.2,0.011421483,0.0003
1533,85.74,97280,0.5303000000000001,63,190,-0.7826345384120941,0.030451095674652606,0.1517578125,-0.04231558367609978,-0.035291561426129194,1890,0.6680675745010376,0.2,0.022152789,0.0003
1535,87.19,97792,0.6053,63,191,-0.801401711255312,0.022299395932350308,0.1708984375,-0.05268365889787674,-0.036058717989362776,1900,0.7635773420333862,0.2,0.019571438,0.0003
1537,88.07,98304,0.6048,63,192,-0.698702548071742,0.019069198024226353,0.1875,-0.030822359025478363,-0.03377618541708216,1910,0.5678536891937256,0.2,0.0384366,0.0003
1539,85.86,98816,0.6225999999999999,64,193,-0.6516722649335861,0.029204510629642754,0.175390625,-0.037684403359889984,-0.035908070090226826,1920,0.5336304903030396,0.2,0.08140527,0.0003
1541,86.65,99328,0.6964999999999998,64,194,-0.7603296212852001,0.031742139015113933,0.16328125,-0.050589803606271744,-0.03871606579050422,1930,0.6701440811157227,0.2,0.017847508,0.0003
1543,86.14,99840,0.7689999999999998,64,195,-0.7299910999834538,0.0213586165511515,0.1546875,-0.045461270958185196,-0.040103156794793905,1940,0.6503242254257202,0.2,0.018138686,0.0003
1545,87.47,100352,0.7934999999999998,64,196,-0.6622891202569008,0.03830199390649795,0.1380859375,-0.03893784433603287,-0.028475346276536584,1950,0.5152237415313721,0.2,0.016980425,0.0003
1547,89.0,100864,0.8129999999999998,65,197,-0.8480443313717843,0.028648037242237478,0.1783203125,-0.03786685690283775,-0.038744760223198685,1960,-0.12052154541015625,0.2,0.034842175,0.0003
1549,89.19,101376,0.8810999999999997,65,198,-0.6927208006381989,0.020207703515188767,0.1333984375,-0.05255401134490967,-0.032731076586060226,1970,0.6906171441078186,0.2,0.018328607,0.0003
1551,86.08,101888,0.8024999999999999,65,199,-0.7000843469053507,0.01908711119904183,0.16171875,-0.06155478581786156,-0.03583439234644174,1980,0.8513509035110474,0.2,0.02263929,0.0003
1553,85.9,102400,0.7469999999999999,65,200,-0.8378753513097763,0.056340965849813074,0.187890625,-0.04788536578416824,-0.04409817836713046,1990,0.5135103464126587,0.2,0.024670858,0.0003
1554,89.27,102912,0.6918,66,201,-0.6815144404768944,0.0345133893599268,0.1490234375,-0.0650128722190857,-0.03525271450635046,2000,0.750679075717926,0.2,0.02387147,0.0003
1556,90.61,103424,0.6858,66,202,-0.9516626834869385,0.026270783354993908,0.1892578125,-0.07313386350870132,-0.04384241772349924,2010,0.8204359412193298,0.2,0.027143925,0.0003
1558,85.52,103936,0.7263999999999997,66,203,-0.6526856232434511,0.030880819144658744,0.144921875,-0.018394067883491516,-0.028159674047492443,2020,0.8093456625938416,0.2,0.01866481,0.0003
1560,79.06,104448,0.9445999999999997,66,204,-0.7260725449770689,0.02415473471628502,0.1595703125,-0.06162572279572487,-0.035433018649928275,2030,0.5902222394943237,0.2,0.021096867,0.0003
1562,74.43,104960,1.0171999999999997,67,205,-0.7525698054581881,0.03392040610779077,0.164453125,-0.055284272879362106,-0.037136271316558125,2040,0.3833423852920532,0.2,0.023131011,0.0003
1564,75.84,105472,1.0020999999999998,67,206,-0.6342798680067062,0.013232125685317443,0.158984375,-0.03956741467118263,-0.036665689304936674,2050,0.8897533416748047,0.2,0.025969474,0.0003
1566,76.96,105984,0.9546999999999997,67,207,-0.6827880084514618,0.021951190644176676,0.1619140625,-0.044991567730903625,-0.036829125904478136,2060,0.7204660177230835,0.2,0.042679265,0.0003
1567,80.67,106496,0.9429,67,208,-0.7406939007341862,0.016269738122355194,0.1716796875,-0.05369070917367935,-0.03927957154810428,2070,0.8080039620399475,0.2,0.025222812,0.0003
1569,78.64,107008,1.0454999999999997,68,209,-0.8623197838664055,0.04157750885933638,0.1712890625,-0.0287618488073349,-0.03370972382836044,2080,0.3386073112487793,0.2,0.01811853,0.0003
1571,77.21,107520,1.0664999999999996,68,210,-0.7473407827317715,0.024451368459267542,0.1462890625,-0.07201893627643585,-0.027965779439546166,2090,0.3020954132080078,0.2,0.015797734,0.0003
1573,77.59,108032,1.0201999999999998,68,211,-0.6711432553827763,0.03403471771162003,0.153125,-0.019344422966241837,-0.02862103374209255,2100,0.48731929063796997,0.2,0.019484023,0.0003
1575,76.57,108544,1.0311999999999997,68,212,-0.5703263763338328,0.027197949815308674,0.1171875,-0.04809257388114929,-0.030541348282713442,2110,0.7511138916015625,0.2,0.015843969,0.0003
1577,75.92,109056,1.0871999999999997,69,213,-0.6222233463078737,0.02271602762339171,0.0916015625,-0.020400995388627052,-0.019728701957501472,2120,0.29336339235305786,0.2,0.01428956,0.0003
1579,74.66,109568,1.2199999999999998,69,214,-0.700090904533863,0.01871736128232442,0.146875,-0.05554654821753502,-0.039257326745428145,2130,0.6190743446350098,0.2,0.022426952,0.0003
1581,75.82,110080,1.2328999999999997,69,215,-0.6640873435884714,0.013457480730721727,0.1798828125,-0.06051185354590416,-0.03708533679600805,2140,0.8555444478988647,0.2,0.017643932,0.0003
1583,75.56,110592,1.2203999999999997,69,216,-0.9311960928142071,0.017927549453452228,0.1833984375,-0.06391626596450806,-0.04147773366421461,2150,0.8892595171928406,0.2,0.022543216,0.0003
1585,74.42,111104,1.2794999999999996,70,217,-0.6331291530281306,0.03350734889390879,0.1515625,-0.034346453845500946,-0.034835019754245876,2160,0.5735782384872437,0.2,0.019591648,0.0003
1587,76.14,111616,1.2773999999999999,70,218,-0.6368176843971014,0.018497337331064047,0.11015625,-0.027739988639950752,-0.032422866229899226,2170,0.7519086599349976,0.2,0.013030914,0.0003
1589,76.54,112128,1.3118999999999996,70,219,-0.6612392108887434,0.033966319053433836,0.1265625,-0.06079360097646713,-0.03236340251751244,2180,0.5044803619384766,0.2,0.014892971,0.0003
1591,78.61,112640,1.2975999999999996,70,220,-0.6776737604290247,0.017888503347057848,0.165625,-0.06690722703933716,-0.0388977340888232,2190,0.42947715520858765,0.2,0.028000634,0.0003
1592,79.65,113152,1.1375999999999997,71,221,-0.6820027694106102,0.05579913408728317,0.1337890625,-0.04088155925273895,-0.03212350140092894,2200,0.20705795288085938,0.2,0.024502575,0.0003
1594,78.76,113664,1.1223999999999996,71,222,-0.6663442555814981,0.06567251417436637,0.1146484375,-0.03357779234647751,-0.024294864339753985,2210,0.39341413974761963,0.2,0.01800875,0.0003
1596,73.67,114176,1.1671999999999996,71,223,-0.7958322584629058,0.02026428878889419,0.1416015625,-0.0697503387928009,-0.035383210191503166,2220,0.8009522557258606,0.2,0.016077207,0.0003
1598,72.23,114688,1.1929999999999996,71,224,-0.5232643492519855,0.02295080153271556,0.1111328125,-0.05685194581747055,-0.030978595768101514,2230,0.6546937227249146,0.2,0.016532062,0.0003
1600,72.03,115200,1.2205999999999997,71,225,-0.497963959351182,0.01732914746971801,0.1314453125,-0.041275475174188614,-0.0288832004647702,2240,0.7331765294075012,0.2,0.018427312,0.0003
1602,71.06,115712,1.2202999999999997,72,226,-0.7004359919577837,0.03999192707706243,0.09609375,-0.017237968742847443,-0.013214520527981222,2250,0.1326061487197876,0.2,0.00934587,0.0003
1604,73.17,116224,1.1475999999999997,72,227,-0.645555705204606,0.03219556612893939,0.142578125,-0.040687717497348785,-0.03145201690495014,2260,0.5979216694831848,0.2,0.015731335,0.0003
1606,72.57,116736,1.1789999999999996,72,228,-0.6255114987492562,0.019184153812238945,0.16484375,-0.056250378489494324,-0.03562538938131184,2270,0.7488130331039429,0.2,0.022436155,0.0003
1608,72.72,117248,1.1331999999999998,72,229,-0.8047220714390277,0.03412736965110526,0.1458984375,-0.038257963955402374,-0.03341743471100926,2280,0.3812781572341919,0.2,0.021003207,0.0003
1609,71.94,117760,1.1599999999999995,73,230,-0.9558967694640159,0.025794387620408088,0.186328125,-0.02300115115940571,-0.037373291421681644,2290,0.7883009314537048,0.2,0.022890784,0.0003
1611,72.92,118272,1.0994,73,231,-0.54819006472826,0.039321303647011516,0.15546875,-0.03773411363363266,-0.03361282864352688,2300,-0.0018379688262939453,0.2,0.023536084,0.0003
1613,72.42,118784,1.0863999999999996,73,232,-0.5888679537922143,0.03255641497671604,0.1359375,-0.04694942384958267,-0.029431093449238686,2310,0.5759915709495544,0.2,0.015959697,0.0003
1615,73.18,119296,1.043,73,233,-0.5486478142440319,0.028550664539216085,0.1287109375,-0.03393852710723877,-0.03105331538245082,2320,0.6544055342674255,0.2,0.018594835,0.0003
1617,75.46,119808,1.0299999999999998,74,234,-0.49880768805742265,0.015173219284042716,0.1107421875,-0.04571891576051712,-0.026575744803994893,2330,0.5807608366012573,0.2,0.012033557,0.0003
1619,73.93,120320,1.0688999999999997,74,235,-0.7168360117822885,0.01721924284065608,0.15859375,-0.057968560606241226,-0.03675192482769489,2340,0.24085474014282227,0.2,0.026715877,0.0003
1620,74.65,120832,1.0427999999999997,74,236,-0.6231265868991613,0.04055737144080922,0.14921875,-0.0334642194211483,-0.03789206158835441,2350,0.6191574931144714,0.2,0.022503152,0.0003
1622,74.64,121344,1.0795999999999997,74,237,-0.5105235408991575,0.047099555225577204,0.120703125,-0.027243874967098236,-0.0242461170302704,2360,0.7185733914375305,0.2,0.013625734,0.0003
1624,77.07,121856,0.9894999999999999,75,238,-0.6703941628336907,0.02360359204467386,0.1564453125,-0.07313188910484314,-0.03581911788787693,2370,0.5168166160583496,0.2,0.026410816,0.0003
1626,78.14,122368,0.9176999999999998,75,239,-0.6292282555252313,0.03617019994999282,0.1453125,-0.06332164257764816,-0.03338160207495093,2380,0.6493057012557983,0.2,0.020200804,0.0003
1628,76.79,122880,0.8843999999999997,75,240,-0.5512528341263533,0.030216542753623798,0.1318359375,-0.04334372282028198,-0.03372687133960426,2390,0.769088625907898,0.2,0.020687459,0.0003
1630,78.82,123392,0.8792999999999997,75,241,-0.6087723601609468,0.029047612944850698,0.162890625,-0.03322042524814606,-0.03476165978936478,2400,0.7746444940567017,0.2,0.021916717,0.0003
1632,80.4,123904,0.866,75,242,-0.47452961914241315,0.016541099158348515,0.113671875,-0.03410673141479492,-0.030313432274851948,2410,0.7807184457778931,0.2,0.020968918,0.0003
1633,82.74,124416,0.8244999999999999,76,243,-0.7799320060759782,0.021874116151593626,0.1658203125,-0.059233926236629486,-0.04238477608887479,2420,0.8289835453033447,0.2,0.030309128,0.0003
1635,85.19,124928,0.7293999999999997,76,244,-0.8171153150498867,0.024915238056564704,0.20234375,-0.05478719249367714,-0.040890144987497476,2430,0.6744470596313477,0.2,0.033717267,0.0003
1637,86.35,125440,0.6827999999999999,76,245,-0.7217852994799614,0.027810940897325054,0.1734375,-0.058422304689884186,-0.04034989674109966,2440,0.6376083493232727,0.2,0.026943553,0.0003
1639,87.05,125952,0.7595999999999999,76,246,-0.9405968762934208,0.03662083729286678,0.178125,-0.04559393972158432,-0.03998307504225522,2450,0.5486574172973633,0.2,0.022425063,0.0003
1641,87.68,126464,0.7588999999999999,77,247,-1.1280740953981876,0.026619502634275705,0.219140625,-0.054553139954805374,-0.041354900458827615,2460,0.5988404750823975,0.2,0.033723377,0.0003
1643,88.48,126976,0.7831999999999999,77,248,-0.5622239120304584,0.025169597764033824,0.1150390625,-0.04247023165225983,-0.031559588457457724,2470,0.588888943195343,0.2,0.020217039,0.0003
1645,90.24,127488,0.7895999999999997,77,249,-0.5622193228453398,0.02824398433440365,0.1220703125,-0.04275240749120712,-0.03160543800331652,2480,0.3878414034843445,0.2,0.019855449,0.0003
1646,92.74,128000,0.7582,77,250,-0.8804722383618355,0.016531119943829255,0.18359375,-0.05020780861377716,-0.034130749828182164,2490,0.8610600829124451,0.2,0.021816194,0.0003
1648,93.39,128512,0.7169999999999997,77,251,-0.7499973356723786,0.023205936246085912,0.1751953125,-0.04199252277612686,-0.03631651406176388,2500,0.2225704789161682,0.2,0.024415348,0.0003
1650,92.44,129024,0.6913999999999999,78,252,-0.696155870705843,0.03546403278596699,0.1349609375,-0.04386872798204422,-0.03116555024171248,2510,0.46793079376220703,0.2,0.01724917,0.0003
1652,89.54,129536,0.6968,78,253,-0.5658138886094093,0.03170147564378567,0.123828125,-0.025382643565535545,-0.023781001986935734,2520,-0.10288488864898682,0.2,0.017263303,0.0003
1654,90.18,130048,0.6367999999999999,78,254,-0.7467756226658822,0.03768549369997345,0.155078125,-0.06146593764424324,-0.038284595240838826,2530,0.7536429166793823,0.2,0.02057759,0.0003
1656,89.82,130560,0.6183,78,255,-0.6565854113548995,0.03842303364071995,0.151953125,-0.03975934535264969,-0.030561315454542638,2540,0.8130820989608765,0.2,0.024327794,0.0003
1657,89.48,131072,0.7766999999999997,79,256,-0.5816136885434389,0.050310515658929945,0.1013671875,-0.04205547645688057,-0.029282357916235922,2550,0.7866538763046265,0.2,0.017751535,0.0003
1659,92.38,131584,0.7427999999999999,79,257,-0.4963013954460621,0.04181338569615036,0.1025390625,-0.022799525409936905,-0.023651435878127812,2560,0.0034691691398620605,0.2,0.014810883,0.0003
1661,93.45,132096,0.7553999999999997,79,258,-0.4679328739643097,0.04146189949242398,0.1099609375,-0.01863466203212738,-0.02097438187338412,2570,0.3270583152770996,0.2,0.03688118,0.0003
1663,91.87,132608,0.7613999999999999,79,259,-0.5250858858227729,0.01608428010949865,0.12109375,-0.04591348022222519,-0.03085648596752435,2580,0.7912642955780029,0.2,0.01577672,0.0003
1665,88.43,133120,0.8451999999999998,79,260,-0.8245308466255665,0.025234353734413163,0.1751953125,-0.06221050024032593,-0.036985786096192894,2590,0.7682361006736755,0.2,0.021512652,0.0003
1667,84.69,133632,0.8673999999999996,80,261,-0.7853587172925472,0.024039329396327958,0.1833984375,-0.07236362993717194,-0.041830449877306816,2600,0.6303397417068481,0.2,0.02342861,0.0003
1669,85.37,134144,0.8097999999999997,80,262,-0.6735055137425661,0.03473066938458942,0.1634765625,-0.0505533404648304,-0.036609786283224824,2610,0.6913084387779236,0.2,0.025103742,0.0003
1670,83.81,134656,0.7183999999999999,80,263,-0.963858251273632,0.03375021410756744,0.1791015625,-0.03585565835237503,-0.0354575325967744,2620,0.7010107636451721,0.2,0.017882563,0.0003
1672,83.33,135168,0.7175999999999998,80,264,-0.8452880248427391,0.03015315890079364,0.20625,-0.04468291625380516,-0.03922303877770901,2630,0.727955162525177,0.2,0.05129171,0.0003
1674,80.81,135680,0.7220999999999997,81,265,-0.7081466883420944,0.02792216194793582,0.1822265625,-0.04521484300494194,-0.03540137172676623,2640,0.6166518926620483,0.2,0.020311024,0.0003
1676,80.34,136192,0.6642000000000001,81,266,-0.8142935313284397,0.02566654160618782,0.181640625,-0.056620996445417404,-0.03793686483986676,2650,0.670746386051178,0.2,0.022351699,0.0003
1678,79.57,136704,0.6789999999999999,81,267,-0.5610279709100723,0.041405354382004586,0.128515625,-0.04857070744037628,-0.03379953684052452,2660,0.7226278185844421,0.2,0.015198501,0.0003
1680,79.31,137216,0.7747999999999997,81,268,-0.6316784631460906,0.046245279838331044,0.1546875,-0.044817496091127396,-0.04003091297345236,2670,0.5721734762191772,0.2,0.020756012,0.0003
1682,81.54,137728,0.8104999999999998,81,269,-0.6993528656661511,0.02486922419629991,0.1572265625,-0.05955282971262932,-0.04390437821857631,2680,0.4780430197715759,0.2,0.022308249,0.0003
1684,82.94,138240,0.8514999999999999,82,270,-0.7546689465641976,0.02860046215355396,0.16171875,-0.04899420216679573,-0.03272234962787479,2690,0.3576813340187073,0.2,0.023674678,0.0003
1685,83.14,138752,0.7792999999999999,82,271,-0.6063302159309387,0.048126897990005094,0.1166015625,-0.00871342048048973,-0.02250837578903884,2700,0.3956846594810486,0.2,0.0129615385,0.0003
1688,82.27,139264,0.7621999999999999,82,272,-0.747651644796133,0.02929794220253825,0.16640625,-0.06788261979818344,-0.037290003057569264,2710,0.6558365225791931,0.2,0.021637814,0.0003
1689,81.87,139776,0.7306999999999998,82,273,-0.6440799929201603,0.030980222666403278,0.1623046875,-0.05899064242839813,-0.037354018958285454,2720,0.6502915620803833,0.2,0.020725476,0.0003
1691,83.5,140288,0.7513,82,274,-0.7482080332934856,0.020132542488863692,0.18828125,-0.04096722975373268,-0.0344527977402322,2730,0.8042511343955994,0.2,0.04229497,0.0003
1693,82.32,140800,0.7134999999999999,83,275,-0.7688786588609219,0.022261814813828096,0.1552734375,-0.030689427629113197,-0.033683093776926396,2740,0.6480863094329834,0.2,0.023570742,0.0003
1695,81.31,141312,0.7027999999999998,83,276,-0.6018942635506391,0.03346977927722037,0.144921875,-0.06217497959733009,-0.03350643734447658,2750,0.7130486965179443,0.2,0.018487982,0.0003
1697,82.25,141824,0.7822999999999998,83,277,-0.5477386143058538,0.0508804707089439,0.13203125,-0.03302603214979172,-0.03627035990357399,2760,0.49767863750457764,0.2,0.015338847,0.0003
1699,81.87,142336,0.8087999999999999,83,278,-0.6316035654395818,0.020801201596623287,0.1681640625,-0.06221654638648033,-0.040902154380455615,2770,0.7415187358856201,0.2,0.02571923,0.0003
1701,78.11,142848,0.9457999999999998,83,279,-0.7973419096320867,0.03887422542320564,0.1779296875,-0.05239161103963852,-0.040053511620499194,2780,0.3466143012046814,0.2,0.03326661,0.0003
1703,79.17,143360,0.9385999999999999,84,280,-0.6341525942087174,0.0322935234173201,0.1375,-0.03609968721866608,-0.03094312808243558,2790,0.6124130487442017,0.2,0.032432824,0.0003
1705,78.48,143872,0.8999999999999999,84,281,-0.8741965264081955,0.03863535596174188,0.1681640625,-0.07258588075637817,-0.0334765303414315,2800,0.5463950037956238,0.2,0.022074027,0.0003
1707,78.19,144384,0.9750999999999996,84,282,-0.8814320638775826,0.051122620888054374,0.210546875,-0.06165273115038872,-0.04224121080478653,2810,0.6121633648872375,0.2,0.030824017,0.0003
1708,78.48,144896,0.9562999999999995,84,283,-0.7525660470128059,0.025991255650296807,0.1677734375,-0.034163400530815125,-0.036494050081819294,2820,0.8332008123397827,0.2,0.028517231,0.0003
1710,79.54,145408,0.9156999999999996,84,284,-0.7554336704313755,0.019498063437640666,0.178125,-0.05547678470611572,-0.034179904009215535,2830,0.874592661857605,0.2,0.020914242,0.0003
1712,77.34,145920,0.8901999999999998,85,285,-0.672908341884613,0.03199118851916864,0.16328125,-0.045504018664360046,-0.033328934473684055,2840,0.6085454225540161,0.2,0.029218398,0.0003
1714,75.12,146432,0.9589999999999997,85,286,-0.4926513895392418,0.040901219111401585,0.133203125,-0.04206683486700058,-0.025880407099612056,2850,0.3982536196708679,0.2,0.019789584,0.0003
1716,73.17,146944,1.0481999999999996,85,287,-0.8588249839842319,0.024504140333738177,0.210546875,-0.04773116856813431,-0.04443613844923675,2860,0.8738894462585449,0.2,0.024587477,0.0003
1718,75.97,147456,1.0112999999999999,85,288,-0.6237236026674509,0.04094940235372633,0.126171875,-0.05400163680315018,-0.02754046682966873,2870,0.6323449015617371,0.2,0.015224394,0.0003
1720,75.55,147968,0.9034999999999997,86,289,-0.8769202671945096,0.04319378266809508,0.1830078125,-0.050198689103126526,-0.040845595044083895,2880,0.3147922158241272,0.2,0.024952814,0.0003
1721,73.93,148480,0.9802999999999997,86,290,-0.9475897543132306,0.03927693859441206,0.1783203125,-0.05228344723582268,-0.03885737697128207,2890,0.756116509437561,0.2,0.021272548,0.0003
1723,76.13,148992,0.9265999999999999,86,291,-0.6697001300752163,0.02083434704109095,0.1427734375,-0.04926697909832001,-0.032630527659785004,2900,0.8820894360542297,0.2,0.021531835,0.0003
1725,75.31,149504,0.9617999999999998,86,292,-0.6564120765775442,0.029305566969560458,0.143359375,-0.0228566974401474,-0.033243697322905066,2910,0.7257733345031738,0.2,0.024474312,0.0003
1727,76.85,150016,0.9270999999999998,86,293,-0.7526920013129711,0.040524130628909916,0.1857421875,-0.04529974237084389,-0.03742408490506932,2920,0.3262132406234741,0.2,0.02533499,0.0003
1729,78.21,150528,0.9068999999999998,87,294,-0.8379062160849571,0.04570826068520546,0.1802734375,-0.030203230679035187,-0.03622097806073725,2930,0.4743986129760742,0.2,0.021546321,0.0003
1731,81.14,151040,0.8637999999999999,87,295,-0.730373103916645,0.04531747620785609,0.1755859375,-0.040834732353687286,-0.03984634849475697,2940,0.5690771341323853,0.2,0.020773705,0.0003
1732,81.86,151552,0.8603999999999999,87,296,-0.6805485166609287,0.04365970124490559,0.141796875,-0.05980876088142395,-0.032318705483339726,2950,0.6833825707435608,0.2,0.020629019,0.0003
1734,81.47,152064,0.9064999999999999,87,297,-0.9077831372618675,0.023282823903718962,0.2140625,-0.07596777379512787,-0.04449330177158117,2960,0.7260375022888184,0.2,0.029818853,0.0003
1736,84.12,152576,0.8225,87,298,-0.5645453061908483,0.04264607636723668,0.13203125,-0.018753940239548683,-0.031377638876438144,2970,0.5561240911483765,0.2,0.017782692,0.0003
1738,83.07,153088,0.8921999999999997,88,299,-0.46589981094002725,0.04807605729438365,0.105078125,-0.03487761318683624,-0.0214716098154895,2980,0.040058135986328125,0.2,0.01482263,0.0003
1740,81.19,153600,0.9329999999999998,88,300,-0.5917684808373451,0.02158279123250395,0.14765625,-0.041885923594236374,-0.03737418078817427,2990,0.5350674390792847,0.2,0.02393325,0.0003
1742,82.19,154112,0.9318999999999997,88,301,-0.8879309237003327,0.015176863875240088,0.21015625,-0.06021071597933769,-0.049359775800257924,3000,0.21186965703964233,0.2,0.030872272,0.0003
1744,82.39,154624,0.9420999999999999,88,302,-0.6023125633597374,0.0437902407371439,0.1453125,-0.04785219207406044,-0.0326280826702714,3010,0.4236918091773987,0.2,0.022013813,0.0003
1745,85.07,155136,0.8830999999999998,88,303,-0.5443997610360384,0.03502125496743247,0.1318359375,-0.038690872490406036,-0.029438705067150295,3020,0.7276016473770142,0.2,0.027535502,0.0003
1747,82.79,155648,0.8893999999999997,89,304,-0.6556062739342451,0.04704548482550308,0.144921875,-0.03181342035531998,-0.035865443479269746,3030,0.7717137336730957,0.2,0.023085888,0.0003
1749,83.13,156160,0.9934999999999996,89,305,-0.654728651791811,0.0446424858411774,0.1185546875,-0.035153768956661224,-0.023871292546391486,3040,0.02099764347076416,0.2,0.0138392,0.0003
1751,85.22,156672,1.019,89,306,-0.9289838820695877,0.05778673521708697,0.193359375,-0.04118576645851135,-0.03567699890118092,3050,0.025171399116516113,0.2,0.023894949,0.0003
1753,81.24,157184,1.1071999999999997,89,307,-0.7169037152081728,0.021074003423564136,0.1462890625,-0.04018209129571915,-0.03383439432363957,3060,0.6941564083099365,0.2,0.018383909,0.0003
1754,82.44,157696,1.0554,89,308,-0.517477947473526,0.02172851253999397,0.1255859375,-0.06065904349088669,-0.03183637000620365,3070,-0.7542670965194702,0.2,0.022200108,0.0003
1756,79.99,158208,1.1164999999999998,90,309,-0.7111020341515542,0.03226934252306819,0.18515625,-0.030721627175807953,-0.03989711673930287,3080,0.6664385199546814,0.2,0.025057245,0.0003
1758,78.33,158720,1.1452999999999998,90,310,-0.7195524636656045,0.018578625383088365,0.1875,-0.07402051240205765,-0.04094006691593677,3090,0.8606151938438416,0.2,0.027654236,0.0003
1760,75.97,159232,1.2147999999999999,90,311,-0.6680723082274198,0.0167039790074341,0.162890625,-0.0223851278424263,-0.027401965972967447,3100,0.5643746852874756,0.2,0.017507773,0.0003
1762,77.18,159744,1.2115999999999998,90,312,-0.4902017191052437,0.018973009113688023,0.13203125,-0.05009034276008606,-0.032754842191934586,3110,0.6053956151008606,0.2,0.021704428,0.0003
1764,78.07,160256,1.1723,90,313,-0.3902903009206057,0.03183351659681648,0.0833984375,-0.032287586480379105,-0.01816631780238822,3120,0.10092884302139282,0.2,0.010493067,0.0003
1766,78.94,160768,1.1572000000000002,91,314,-0.7069670893251896,0.04482564979698509,0.159375,-0.03771264851093292,-0.03478670994518325,3130,0.655853271484375,0.2,0.018272147,0.0003
1768,80.8,161280,1.1239999999999997,91,315,-0.6447058960795402,0.014360389675130137,0.1583984375,-0.057518646121025085,-0.032596392650157215,3140,0.8212356567382812,0.2,0.021458311,0.0003
1770,78.73,161792,1.1015999999999997,91,316,-0.5395138066262006,0.039430803572759035,0.108984375,-0.020366303622722626,-0.025758127786684782,3150,0.33826231956481934,0.2,0.014287842,0.0003
1772,76.98,162304,1.1050999999999995,91,317,-0.4475337818264961,0.05434100362472236,0.1025390625,-0.028876304626464844,-0.022537324018776415,3160,0.1912716031074524,0.2,0.012219662,0.0003
1773,75.96,162816,1.1792999999999996,91,318,-0.49883353188633917,0.026945971214445308,0.132421875,-0.034681472927331924,-0.03129542553797364,3170,0.6160259246826172,0.2,0.027257122,0.0003
1775,77.7,163328,1.1544999999999999,91,319,-0.6385376788675785,0.020166927500395105,0.1556640625,-0.06492558121681213,-0.03431065313052386,3180,0.7183799743652344,0.2,0.01739566,0.0003
1777,77.25,163840,1.1629999999999998,92,320,-0.4916832711547613,0.031193717767018826,0.1021484375,-0.03109756112098694,-0.025160474935546517,3190,0.5917222499847412,0.2,0.019273957,0.0003
1779,75.51,164352,1.1887999999999999,92,321,-0.5770708978176117,0.022602777229622006,0.130078125,-0.0702228844165802,-0.03560175932943821,3200,0.6867092251777649,0.2,0.01789486,0.0003
1781,78.37,164864,1.1517999999999995,92,322,-0.5853599965572357,0.017194600793300197,0.1560546875,-0.056281883269548416,-0.03730259092990309,3210,0.39537519216537476,0.2,0.020705763,0.0003
1783,78.94,165376,1.0655999999999997,92,323,-0.45964870378375056,0.025732701469678432,0.141015625,-0.042447689920663834,-0.030537973041646183,3220,0.3959956169128418,0.2,0.021477548,0.0003
1785,79.91,165888,1.065,92,324,-0.5430537033826113,0.03330593202845193,0.1515625,-0.06920601427555084,-0.030068243783898652,3230,0.6476308703422546,0.2,0.024351351,0.0003
1786,81.44,166400,0.9986999999999999,93,325,-0.4696266114711761,0.04046182401943952,0.1232421875,-0.03125137835741043,-0.025236304756253956,3240,0.6444092988967896,0.2,0.017803313,0.0003
1788,81.99,166912,0.9765999999999997,93,326,-0.6454865846782922,0.033066033688373866,0.1806640625,-0.07152765244245529,-0.035348273976705966,3250,0.004551827907562256,0.2,0.036721043,0.0003
1790,81.08,167424,0.8891999999999999,93,327,-0.6381738994270563,0.028033299319213258,0.1759765625,-0.042997367680072784,-0.040445316955447196,3260,0.7274359464645386,0.2,0.031497676,0.0003
1792,77.24,167936,0.9608999999999998,93,328,-0.5647081442177295,0.04979027960216627,0.150390625,-0.04968622326850891,-0.033243802725337446,3270,0.6352782249450684,0.2,0.030595953,0.0003
1794,75.17,168448,0.9662999999999997,93,329,-0.5825578227639199,0.028943542996421455,0.1263671875,-0.05520622432231903,-0.02967338226735592,3280,0.7563744783401489,0.2,0.022333935,0.0003
1796,77.57,168960,0.8833999999999997,94,330,-0.561749242991209,0.041674052155576645,0.1361328125,-0.04213526099920273,-0.0326885815244168,3290,0.6878710389137268,0.2,0.017588785,0.0003
1798,79.3,169472,0.9365999999999997,94,331,-0.8700036361813546,0.028476960118860008,0.215625,-0.06332048773765564,-0.04118019477464259,3300,0.6282504200935364,0.2,0.03262373,0.0003
1799,80.56,169984,0.9469999999999998,94,332,-0.6120032351464033,0.028521995234768838,0.16484375,-0.039011694490909576,-0.03358537887688726,3310,0.6836423873901367,0.2,0.027123652,0.0003
1801,81.88,170496,0.9061999999999998,94,333,-0.6927094995975495,0.05654636555118486,0.13984375,-0.019813232123851776,-0.029596552602015436,3320,0.6014511585235596,0.2,0.01774931,0.0003
1803,81.81,171008,0.8609999999999998,94,334,-0.6314616415649652,0.021652797964634374,0.15234375,-0.04288134723901749,-0.029683125647716226,3330,0.8592268824577332,0.2,0.021706244,0.0003
1805,80.93,171520,0.8636999999999996,95,335,-0.6133474364876748,0.04226872200961225,0.1451171875,-0.052576694637537,-0.03225626300554722,3340,0.5469444394111633,0.2,0.033503667,0.0003
1807,80.9,172032,0.7618999999999998,95,336,-0.5429639548063279,0.05922105218051001,0.1154296875,-0.01756262592971325,-0.027892967755906283,3350,0.2904146909713745,0.2,0.02250966,0.0003
1809,82.28,172544,0.6489999999999999,95,337,-0.8020049408078194,0.052524126647040245,0.1943359375,-0.05520564690232277,-0.04341952110407874,3360,0.6533313989639282,0.2,0.032464623,0.0003
1810,77.9,173056,0.6392999999999999,95,338,-0.6322288043797016,0.05000063847983256,0.1361328125,-0.0230442825704813,-0.02551998433191329,3370,0.6214396953582764,0.2,0.023393735,0.0003
1812,77.64,173568,0.6473999999999998,95,339,-0.6245334658771753,0.07139302684227004,0.1802734375,-0.039108552038669586,-0.03438740391284227,3380,0.6611645221710205,0.2,0.034903023,0.0003
1814,75.27,174080,0.6470999999999998,95,340,-0.7403873942792416,0.043675375508610156,0.1939453125,-0.03713369742035866,-0.04877384450519458,3390,0.7397403717041016,0.2,0.03973735,0.0003
1816,76.08,174592,0.6591999999999999,96,341,-0.7399374067783355,0.020598086703103036,0.18203125,-0.03989236429333687,-0.03559307608520612,3400,0.9103540778160095,0.2,0.021315832,0.0003
1818,76.54,175104,0.7494999999999997,96,342,-0.6403479587286711,0.03766377067076974,0.14296875,-0.06103535741567612,-0.033020464924629775,3410,0.7079033255577087,0.2,0.027671196,0.0003
1820,76.84,175616,0.7771999999999997,96,343,-0.5420631326735019,0.033486148866359144,0.1486328125,-0.034696973860263824,-0.03209750666283071,3420,0.7379724979400635,0.2,0.054809798,0.0003
1822,71.69,176128,0.8937999999999997,96,344,-0.6396761327981949,0.030260884063318373,0.1880859375,-0.05441588908433914,-0.039023188431747256,3430,0.8004950284957886,0.2,0.10449232,0.0003
1823,68.18,176640,0.9146999999999997,96,345,-0.5918134238570929,0.03227215110091493,0.123046875,-0.04641093313694,-0.029091134399641304,3440,0.705560564994812,0.2,0.02010617,0.0003
1826,64.63,177152,0.9670999999999996,97,346,-0.8010622367262841,0.04659862010739744,0.187890625,-0.013951277360320091,-0.03504472591448575,3450,0.20862466096878052,0.2,0.035841875,0.0003
1828,66.68,177664,1.0195999999999998,97,347,-0.76413679048419,0.017933265212923287,0.226171875,-0.0745343416929245,-0.05039994632825255,3460,0.05256247520446777,0.2,0.077329054,0.0003
1830,66.75,178176,1.0539999999999996,97,348,-0.6913560919463635,0.010433146951254458,0.165625,-0.030008718371391296,-0.033940389310009776,3470,0.547779381275177,0.2,0.019089296,0.0003
1831,68.63,178688,1.0374999999999996,97,349,-0.7735829494893551,0.036639424186432734,0.1900390625,-0.04049205407500267,-0.05026887785643339,3480,0.17989468574523926,0.2,0.025914975,0.0003
1833,66.98,179200,1.0830999999999995,97,350,-1.020268189907074,0.05820606962079182,0.218359375,-0.04286295920610428,-0.05141913250554353,3490,0.4602658152580261,0.2,0.029840507,0.0003
1835,68.58,179712,1.1005999999999996,97,351,-0.7224741198122502,0.04388249043840915,0.18125,-0.055331237614154816,-0.040170564816799016,3500,0.4397110342979431,0.2,0.024838187,0.0003
1837,69.68,180224,1.1547999999999998,98,352,-0.7490604124963284,0.03398312230128795,0.1953125,-0.061289139091968536,-0.040661067119799554,3510,0.7815793752670288,0.2,0.02545063,0.0003
1839,72.07,180736,1.1147999999999998,98,353,-0.6276882741600275,0.0525103279389441,0.134375,-0.04915471374988556,-0.03585730775957927,3520,0.5957146286964417,0.2,0.027357046,0.0003
1841,70.98,181248,1.0997999999999997,98,354,-0.7369487725198269,0.022303350345464424,0.2078125,-0.047073304653167725,-0.04187653046101332,3530,0.6461801528930664,0.2,0.032823246,0.0003
1843,70.58,181760,1.1109,98,355,-0.6229141987860203,0.03712164316675626,0.153515625,-0.02798662707209587,-0.026892598590347917,3540,0.7761664986610413,0.2,0.023648001,0.0003
1844,71.6,182272,1.0680999999999998,98,356,-0.7176417749375105,0.042509462090674785,0.1458984375,-0.025665143504738808,-0.03500586174195632,3550,0.6571260690689087,0.2,0.019503491,0.0003
1846,73.15,182784,1.0690999999999997,98,357,-0.6585302032530308,0.0458019157173112,0.1234375,-0.04256915673613548,-0.027116447233129292,3560,-0.07573497295379639,0.2,0.018495247,0.0003
1848,73.93,183296,1.0234999999999999,99,358,-0.8498647801578045,0.035317191743524746,0.2005859375,-0.05273682251572609,-0.04777285205200314,3570,0.4373281002044678,0.2,0.01901187,0.0003
1850,75.03,183808,0.9778999999999997,99,359,-0.850089992582798,0.037977901520207524,0.2111328125,-0.05158904567360878,-0.03927306883269921,3580,0.4336186647415161,0.2,0.026592508,0.0003
1852,76.04,184320,0.9508999999999997,99,360,-0.8333369210362435,0.04761519097955898,0.14921875,-0.033399324864149094,-0.03522167701739818,3590,0.48418736457824707,0.2,0.018893428,0.0003
1854,78.21,184832,0.9501,99,361,-0.6980683915317059,0.030339142336742952,0.155859375,-0.03552258387207985,-0.033143652544822544,3600,0.6750710010528564,0.2,0.019079756,0.0003
1855,80.03,185344,0.9146999999999998,99,362,-0.7404730811715126,0.013270409105462021,0.1931640625,-0.05156797915697098,-0.040283805970102546,3610,0.707810640335083,0.2,0.030997075,0.0003
1857,81.08,185856,0.8682999999999998,100,363,-0.755707961320877,0.016186709533212707,0.190234375,-0.06359676271677017,-0.04448724118992686,3620,0.8834624290466309,0.2,0.028023295,0.0003
1859,81.05,186368,0.8162999999999999,100,364,-0.8044179446995259,0.014563451535650529,0.1814453125,-0.04883331060409546,-0.041668500984087586,3630,0.9149074554443359,0.2,0.022012018,0.0003
1861,80.86,186880,0.9458999999999999,100,365,-0.8606738016009331,0.04037229544483125,0.198046875,-0.05567429959774017,-0.047628006292507054,3640,0.6786282062530518,0.2,0.026628755,0.0003
1863,78.15,187392,1.0561999999999998,100,366,-0.7856400087475777,0.013521474835579283,0.211328125,-0.06334391236305237,-0.04361510874005035,3650,0.5795477628707886,0.2,0.035303324,0.0003
1865,80.05,187904,1.0460999999999998,100,367,-0.7767769731581211,0.029863664659205823,0.16640625,-0.04104602336883545,-0.038214278570376334,3660,0.6688829660415649,0.2,0.025551055,0.0003
1867,78.89,188416,1.1042999999999998,100,368,-0.6117369771003723,0.02164122394169681,0.1623046875,-0.06035689264535904,-0.036999345780350266,3670,0.6967095136642456,0.2,0.023989651,0.0003
1869,80.17,188928,1.1891999999999998,101,369,-0.5568905279040337,0.014618756354320795,0.1498046875,-0.056672003120183945,-0.035622808430343864,3680,0.6193894147872925,0.2,0.02442591,0.0003
1870,80.53,189440,1.2195999999999998,101,370,-0.708848986774683,0.011558779812185093,0.1599609375,-0.033408842980861664,-0.036667074705474076,3690,-0.20875298976898193,0.2,0.022293454,0.0003
1872,81.76,189952,1.1824999999999999,101,371,-0.6901454098522664,0.018379271822050215,0.1896484375,-0.04899102449417114,-0.03706693483982235,3700,0.301006019115448,0.2,0.026612164,0.0003
1874,80.73,190464,1.1591999999999998,101,372,-0.7663803167641163,0.020767319784499704,0.1978515625,-0.0627230778336525,-0.04119871510192752,3710,0.5825851559638977,0.2,0.06578948,0.0003
1876,80.4,190976,1.0688999999999997,101,373,-0.9035073898732662,0.019867532385978846,0.2234375,-0.0867529809474945,-0.05448257296811789,3720,0.8819485902786255,0.2,0.035688646,0.0003
1878,81.12,191488,1.1135999999999997,101,374,-0.7437375649809838,0.046489732473855835,0.1775390625,-0.05788808315992355,-0.03791122250258923,3730,0.6402019262313843,0.2,0.027586408,0.0003
1879,83.53,192000,1.0787999999999998,102,375,-0.6041035622358322,0.017082063033012674,0.1451171875,-0.0298872459679842,-0.03250113073736429,3740,0.6831689476966858,0.2,0.01875026,0.0003
1881,83.74,192512,1.0610999999999995,102,376,-0.9123690947890282,0.02960812963428907,0.190234375,-0.07121898233890533,-0.044490428362041715,3750,0.6978732347488403,0.2,0.025838137,0.0003
1883,80.08,193024,0.9947999999999996,102,377,-0.7789914794266224,0.037986050243489444,0.17890625,-0.04174209386110306,-0.04690309717552736,3760,0.5953025817871094,0.2,0.02734742,0.0003
1885,80.32,193536,1.0243999999999998,102,378,-0.6914580412209034,0.03597866629716009,0.120703125,-0.01516661886125803,-0.03092689049663022,3770,0.5756350755691528,0.2,0.015639726,0.0003
1887,77.13,194048,1.1425999999999996,102,379,-0.6177905011922121,0.019400123285595327,0.158984375,-0.05301748961210251,-0.04042700557038188,3780,0.4859771132469177,0.2,0.033685468,0.0003
1889,78.18,194560,1.1362999999999999,102,380,-0.6949476692825556,0.020315391168696805,0.1666015625,-0.055095478892326355,-0.03767986807506531,3790,0.777265191078186,0.2,0.023198288,0.0003
1891,79.6,195072,1.0600999999999998,103,381,-0.6313865218311548,0.02868616230553016,0.1369140625,-0.03034818172454834,-0.03344461740925908,3800,0.37030738592147827,0.2,0.018764174,0.0003
1893,78.37,195584,1.0284999999999997,103,382,-0.7698463574051857,0.03317215837887488,0.175390625,-0.041174184530973434,-0.03133795601315796,3810,0.7779974341392517,0.2,0.027238324,0.0003
1894,77.72,196096,1.009,103,383,-0.6190923534333705,0.04333848876995035,0.156640625,-0.06582639366388321,-0.03174898660508916,3820,0.6119136810302734,0.2,0.03463858,0.0003
1896,79.15,196608,0.9064999999999999,103,384,-0.7880106680095196,0.05240588118322194,0.2078125,-0.06181550398468971,-0.04115993294399232,3830,0.5750184059143066,0.2,0.030237745,0.0003
1898,77.19,197120,0.7664999999999997,103,385,-0.6758852764964104,0.046106668282300235,0.15703125,-0.02676505781710148,-0.025226248777471483,3840,0.41576486825942993,0.2,0.018578485,0.0003
1900,77.57,197632,0.7005999999999998,103,386,-0.6809875056147575,0.04298269678256474,0.1712890625,-0.049986325204372406,-0.03758176852716133,3850,0.6496676206588745,0.2,0.028324118,0.0003
1902,76.7,198144,0.7490999999999997,104,387,-0.9399324759840966,0.02692906152806245,0.2251953125,-0.06944006681442261,-0.044771859585307536,3860,0.7876419425010681,0.2,0.03456638,0.0003
1904,74.72,198656,0.8467999999999998,104,388,-0.7136415064334869,0.04899612069129944,0.1552734375,-0.05076536908745766,-0.0321318912319839,3870,0.589562177658081,0.2,0.018911488,0.0003
1905,72.92,199168,0.8899999999999997,104,389,-0.6943934045732021,0.03519487949670293,0.1677734375,-0.07691270112991333,-0.038174134236760436,3880,0.4853888750076294,0.2,0.033320308,0.0003
1907,71.67,199680,0.9421999999999997,104,390,-0.7637518413364888,0.048054864711593835,0.1533203125,-0.03607657924294472,-0.031188821699470282,3890,0.1727818250656128,0.2,0.025022466,0.0003
1909,72.96,200192,0.9584999999999997,104,391,-0.9034581422805786,0.031021884887013584,0.199609375,-0.03901783004403114,-0.04731578268110752,3900,0.8412081003189087,0.2,0.028449941,0.0003
