time/iterations,rollout/ep_len_mean,time/total_timesteps,rollout/ep_rew_mean,time/fps,time/time_elapsed,train/value_loss,train/entropy_loss,train/approx_kl,train/n_updates,train/policy_gradient_loss,train/learning_rate,train/explained_variance,train/clip_fraction,train/clip_range,train/loss
1,38.15384615384615,512,-4.613076923076924,64,7,,,,,,,,,,
2,31.15625,1024,-4.007187500000001,81,12,0.20654040426015854,-0.9861139006912708,0.008780502,10,-0.03410744714783505,0.0003,0.26343870162963867,0.0857421875,0.2,-0.02001776359975338
3,31.645833333333332,1536,-4.128541666666666,105,14,0.3049441325478256,-0.9205544084310532,0.007923156,20,-0.02375669777393341,0.0003,0.033804357051849365,0.0759765625,0.2,0.043321214616298676
4,29.529411764705884,2048,-3.9247058823529413,123,16,0.4104668105021119,-0.7857021629810333,0.00856466,30,-0.030131127743516117,0.0003,-0.12504065036773682,0.0814453125,0.2,0.05501597002148628
5,31.48148148148148,2560,-4.040617283950618,137,18,0.2947521965019405,-0.8563464041799307,0.011292502,40,-0.03725663634249941,0.0003,-0.30328452587127686,0.1080078125,0.2,0.022792283445596695
6,33.19565217391305,3072,-4.13445652173913,150,20,0.21384394615888597,-0.9300477527081966,0.011569763,50,-0.032513906620442866,0.0003,0.20315313339233398,0.115625,0.2,-0.005979582667350769
7,34.95,3584,-4.2537,160,22,0.2570651259738952,-0.8689295493066311,0.008594285,60,-0.025251066382043063,0.0003,-0.016170978546142578,0.077734375,0.2,0.024204667657613754
8,32.84,4096,-4.1166,168,24,0.1809556358959526,-0.9841222375631332,0.012987589,70,-0.03702693720697425,0.0003,-0.22884738445281982,0.1326171875,0.2,-0.017773352563381195
9,35.47,4608,-4.281299999999999,175,26,0.27391914865002037,-0.7777394756674767,0.008414295,80,-0.02898179998155683,0.0003,0.1899154782295227,0.093359375,0.2,-0.002746645361185074
10,35.64,5120,-4.3033,182,28,0.19103108358103782,-1.0611708022654056,0.013620432,90,-0.028184392827097327,0.0003,-0.2908761501312256,0.1201171875,0.2,-0.03054611012339592
11,37.08,5632,-4.411899999999999,187,30,0.12216783408075571,-0.811374056339264,0.012184263,100,-0.028577391779981552,0.0003,0.5582793951034546,0.1099609375,0.2,-0.045026734471321106
12,37.07,6144,-4.4549,193,31,0.2582656882237643,-0.813703091815114,0.0093072,110,-0.026240707340184598,0.0003,-0.005977988243103027,0.08125,0.2,-0.013891147449612617
13,31.03,6656,-4.0367,197,33,0.11149622700177134,-0.8047082401812077,0.00941398,120,-0.025153231574222445,0.0003,0.324743390083313,0.0818359375,0.2,-0.031459253281354904
14,33.56,7168,-4.225899999999999,201,35,0.1914335496723652,-0.868398779630661,0.010039024,130,-0.02941415903624147,0.0003,0.08318734169006348,0.105078125,0.2,-0.018306706100702286
15,32.77,7680,-4.1171999999999995,205,37,0.15147947086952626,-0.6006878774613142,0.008231673,140,-0.014233598718419671,0.0003,0.40607964992523193,0.05859375,0.2,-0.013553035445511341
16,32.47,8192,-4.1141000000000005,208,39,0.23358686149585992,-0.8349740974605083,0.011476085,150,-0.025773736997507513,0.0003,0.3624180555343628,0.097265625,0.2,-0.005180101841688156
17,31.92,8704,-4.080100000000001,210,41,0.22364805629476905,-0.8079155869781971,0.009203525,160,-0.025317850010469555,0.0003,0.33793699741363525,0.068359375,0.2,-0.03212276101112366
18,33.07,9216,-4.1391,212,43,0.25523177362047134,-0.677458118647337,0.007628919,170,-0.0202408563811332,0.0003,0.16429215669631958,0.060546875,0.2,-0.01281403936445713
19,33.31,9728,-4.0518,215,45,0.2056961761554703,-0.8002258524298668,0.01002569,180,-0.02417554969433695,0.0003,-0.37633848190307617,0.0994140625,0.2,-0.021733613684773445
20,36.42,10240,-4.2579,217,47,0.12037595479050651,-0.8114188641309739,0.008004146,190,-0.019221591157838704,0.0003,0.4673508405685425,0.0640625,0.2,0.002364641986787319
21,36.88,10752,-4.3225999999999996,219,48,0.11834589336067439,-0.7923764176666737,0.009252568,200,-0.019794046669267117,0.0003,0.3680148720741272,0.08671875,0.2,-0.037548404186964035
22,37.76,11264,-4.3375,221,50,0.14496473313774913,-0.7032020382583142,0.007896013,210,-0.014115419914014637,0.0003,0.5351765155792236,0.069921875,0.2,-0.01409817487001419
23,39.31,11776,-4.382900000000001,223,52,0.07969708120217547,-0.6494937688112259,0.0112855295,220,-0.024956557352561505,0.0003,0.7312048673629761,0.0955078125,0.2,-0.028206825256347656
24,36.76,12288,-4.2105,224,54,0.13449980983277782,-0.8062803603708744,0.009303648,230,-0.025875949021428823,0.0003,0.375679612159729,0.080859375,0.2,-0.025045061483979225
25,37.38,12800,-4.3442,226,56,0.12305949887959286,-0.738924141228199,0.010961243,240,-0.029743345559109003,0.0003,-0.09892189502716064,0.1087890625,0.2,-0.043843917548656464
26,37.65,13312,-4.3539,228,58,0.1318935200048145,-0.5198704276233912,0.0071884794,250,-0.022649187891511248,0.0003,-0.016817569732666016,0.0693359375,0.2,-0.03754235804080963
27,37.06,13824,-4.3674,229,60,0.1393490780843422,-0.7585589319467545,0.014170208,260,-0.02746227034367621,0.0003,0.16599887609481812,0.1056640625,0.2,-0.024241987615823746
28,37.33,14336,-4.29,230,62,0.10583580749807879,-0.6342242460697889,0.009320204,270,-0.018518750113435088,0.0003,0.4742549657821655,0.0744140625,0.2,-0.012887531891465187
29,37.92,14848,-4.3372,231,64,0.07870675128651783,-0.6361426547169685,0.010206722,280,-0.02141013122163713,0.0003,0.6963430643081665,0.0869140625,0.2,-0.008269701153039932
30,35.41,15360,-4.196200000000001,232,65,0.11130549468798563,-0.48945278078317644,0.005311598,290,-0.013123684050515293,0.0003,0.4188075065612793,0.0451171875,0.2,-0.006978239864110947
31,38.45,15872,-4.4193,233,67,0.12375588252907618,-0.5169175338000059,0.0076461053,300,-0.021319819148629904,0.0003,0.39214783906936646,0.06015625,0.2,-0.01533908024430275
32,38.04,16384,-4.4154,234,70,0.16553530858363957,-0.369383592158556,0.005231009,310,-0.014557937998324633,0.0003,0.39484280347824097,0.0400390625,0.2,-0.007604572921991348
33,38.37,16896,-4.296099999999999,234,71,0.15724370706593618,-0.4565773708745837,0.006433048,320,-0.01654767325380817,0.0003,0.020106077194213867,0.0498046875,0.2,-0.029628975316882133
34,39.67,17408,-4.3518,235,74,0.26677558838855475,-0.5381837856024504,0.0110089965,330,-0.024574635829776526,0.0003,-0.141119122505188,0.08515625,0.2,-0.004995638504624367
35,38.61,17920,-4.24,235,76,0.18279084560927003,-0.6256999362260103,0.0076587084,340,-0.014666765276342631,0.0003,-0.263813853263855,0.0529296875,0.2,-0.0013882573693990707
36,36.61,18432,-4.168800000000001,235,78,0.16332583627663552,-0.5005861818790436,0.0075449524,350,-0.01993538800161332,0.0003,-0.14901316165924072,0.048046875,0.2,-0.026211287826299667
37,36.52,18944,-4.1912,236,80,0.11596622506622226,-0.29031167309731243,0.0063926503,360,-0.01634267051704228,0.0003,0.4524250626564026,0.047265625,0.2,-0.006571304984390736
38,36.44,19456,-4.208600000000001,236,82,0.1875067796325311,-0.44930403381586076,0.006607767,370,-0.018741434230469166,0.0003,-0.1606374979019165,0.0509765625,0.2,-0.0365229994058609
39,36.03,19968,-4.1438,237,84,0.09693510318174958,-0.42525446265935896,0.008238785,380,-0.020981413358822466,0.0003,0.4589850902557373,0.0697265625,0.2,-0.021069593727588654
40,35.8,20480,-4.1721,237,86,0.24065114419208838,-0.3726286435499787,0.0043287063,390,-0.012349557783454656,0.0003,0.0928993821144104,0.0291015625,0.2,-0.023910121992230415
41,34.78,20992,-4.065200000000001,238,88,0.27613953496329485,-0.4207763660699129,0.0054885205,400,-0.014354470412945375,0.0003,-0.7429170608520508,0.0455078125,0.2,-0.02270386554300785
42,34.07,21504,-4.0696,238,89,0.2240595125593245,-0.5453437220305204,0.008816962,410,-0.020230067800730465,0.0003,-0.6101627349853516,0.078125,0.2,0.0027841441333293915
43,34.71,22016,-4.0516000000000005,239,92,0.21897744841407984,-0.3664556235074997,0.0059245643,420,-0.017928142251912506,0.0003,-0.17035245895385742,0.060546875,0.2,-0.02901901677250862
44,33.89,22528,-3.9117,239,94,0.1010586281772703,-0.4235735598951578,0.0070992513,430,-0.014916277956217527,0.0003,0.6191228628158569,0.06171875,0.2,-0.0054617393761873245
45,34.16,23040,-3.9432,240,95,0.21272231028415262,-0.47920796386897563,0.017391652,440,-0.020388195058330894,0.0003,-0.45163214206695557,0.0822265625,0.2,-0.034762877970933914
46,34.65,23552,-4.006899999999999,240,97,0.271765673160553,-0.34215135518461465,0.0040428108,450,-0.01203433945775032,0.0003,0.3387566804885864,0.0353515625,0.2,-0.018734071403741837
47,36.25,24064,-4.025799999999999,241,99,0.10567968796240165,-0.40272241048514845,0.0075399186,460,-0.01564706169301644,0.0003,0.32971155643463135,0.050390625,0.2,-0.03521756827831268
48,37.34,24576,-4.0019,241,101,0.0551073856127914,-0.466564804688096,0.007542466,470,-0.016634175938088448,0.0003,0.5517784953117371,0.0701171875,0.2,-0.03690514340996742
49,37.09,25088,-4.096699999999999,242,103,0.23106639906764032,-0.35614332370460033,0.008248905,480,-0.02319678822532296,0.0003,-0.02775442600250244,0.046875,0.2,-0.01419027615338564
50,34.71,25600,-3.8697999999999997,242,105,0.0918461206369102,-0.39272067658603194,0.0065179234,490,-0.016237361694220454,0.0003,0.649854302406311,0.0486328125,0.2,-0.019380193203687668
51,36.82,26112,-4.072100000000001,243,107,0.29597433891613034,-0.3512499786913395,0.005110036,500,-0.016486610006541013,0.0003,-0.025217652320861816,0.0462890625,0.2,0.002707596868276596
52,36.83,26624,-4.2482,243,109,0.12479285689769312,-0.26291449312120674,0.005589328,510,-0.014837235491722823,0.0003,0.3229951858520508,0.0462890625,0.2,-0.024608362466096878
53,34.77,27136,-4.0184999999999995,243,111,0.14501035737339407,-0.2810037784278393,0.004969856,520,-0.00851727263070643,0.0003,0.6355183720588684,0.029296875,0.2,0.0038449689745903015
54,33.88,27648,-4.185300000000001,244,113,0.2145902109099552,-0.4133790548890829,0.0060838247,530,-0.01592495703371242,0.0003,0.5347843766212463,0.05078125,0.2,-0.012273591011762619
55,33.88,28160,-4.189400000000001,244,115,0.19462551679462195,-0.2427150258794427,0.003883745,540,-0.009080922917928547,0.0003,-0.10047924518585205,0.02109375,0.2,-0.009250747039914131
56,35.44,28672,-4.3582,245,117,0.14410019046626985,-0.28573283962905405,0.009068179,550,-0.01926555363461375,0.0003,0.20125943422317505,0.054296875,0.2,-0.034067846834659576
57,36.09,29184,-4.3227,245,118,0.1271578040672466,-0.38162781223654746,0.0077169593,560,-0.016129453061148526,0.0003,0.3298940062522888,0.0619140625,0.2,-0.0035468051210045815
58,36.53,29696,-4.2786,245,120,0.2485064248321578,-0.45952850915491583,0.009128656,570,-0.01986267922911793,0.0003,-0.38688230514526367,0.0603515625,0.2,-0.017473455518484116
59,36.16,30208,-4.220199999999999,245,122,0.12304219262441621,-0.4102746654301882,0.011389224,580,-0.02435103808529675,0.0003,0.012506425380706787,0.094921875,0.2,-0.037551961839199066
60,37.26,30720,-4.2723,246,124,0.1402544001233764,-0.2651699649170041,0.009335663,590,-0.015377804241143166,0.0003,0.24096405506134033,0.0462890625,0.2,-0.03425128385424614
61,37.83,31232,-4.335899999999999,246,126,0.22275500464020298,-0.3607656665146351,0.013658524,600,-0.01789096494903788,0.0003,0.11387652158737183,0.05390625,0.2,-0.004695548675954342
62,36.13,31744,-4.0482000000000005,247,128,0.10270302444696426,-0.3580206179991364,0.012415826,610,-0.021451538533437998,0.0003,0.4524211287498474,0.0587890625,0.2,-0.05604053661227226
63,36.25,32256,-4.005,247,130,0.18933366989949718,-0.4097170427441597,0.017425725,620,-0.03056314093992114,0.0003,0.28315114974975586,0.074609375,0.2,-0.030878858640789986
64,35.64,32768,-3.96,247,132,0.19791359293740243,-0.3676942804828286,0.0062566735,630,-0.016589379985816777,0.0003,-0.48856258392333984,0.0517578125,0.2,-0.024964015930891037
65,36.43,33280,-4.032699999999999,248,134,0.20297890501096844,-0.3296010732650757,0.006402222,640,-0.01654347850708291,0.0003,0.10965025424957275,0.0478515625,0.2,-0.013296173885464668
66,34.83,33792,-3.9156,248,136,0.16167623759247363,-0.2571883022785187,0.007072657,650,-0.015616983827203511,0.0003,0.5491092801094055,0.0501953125,0.2,-0.01270077470690012
67,33.75,34304,-3.7533000000000003,248,137,0.2321593360276893,-0.3835069812834263,0.012613719,660,-0.011280974210239946,0.0003,0.29058563709259033,0.05703125,0.2,-0.01478771585971117
68,34.97,34816,-3.8179000000000003,249,139,0.1560167442308739,-0.33224651478230954,0.008502542,670,-0.021873505268013106,0.0003,0.09275317192077637,0.0716796875,0.2,-0.01431206613779068
69,35.12,35328,-3.7488,249,141,0.08701535821892321,-0.377905216999352,0.012003532,680,-0.01858294700505212,0.0003,0.61864173412323,0.067578125,0.2,-0.027671122923493385
70,33.41,35840,-3.533,249,143,0.3238200641702861,-0.3847181677818298,0.011284017,690,-0.019200621091295035,0.0003,0.2954437732696533,0.0607421875,0.2,-0.02835681103169918
71,33.14,36352,-3.5342000000000007,249,145,0.26674389509717,-0.2742083413526416,0.005366595,700,-0.01940727751934901,0.0003,0.17490285634994507,0.0443359375,0.2,-0.013246145099401474
72,34.92,36864,-3.6886000000000005,250,147,0.272472547669895,-0.2672177473083138,0.007065138,710,-0.01519680058117956,0.0003,-0.3156658411026001,0.04921875,0.2,-0.02076740376651287
73,35.68,37376,-3.6697,250,149,0.14014965400565416,-0.33961142264306543,0.00900314,720,-0.019922074303030966,0.0003,0.37838035821914673,0.0759765625,0.2,-0.028477072715759277
74,36.03,37888,-3.8418000000000005,250,151,0.29881852618418636,-0.46702691055834294,0.0363559,730,-0.02529141108971089,0.0003,-0.33791494369506836,0.105078125,0.2,0.0019532255828380585
75,36.25,38400,-3.8501000000000003,250,153,0.11852947042789311,-0.3068126879632473,0.020424528,740,-0.013538386672735214,0.0003,0.6380016207695007,0.0568359375,0.2,-0.015659332275390625
76,36.55,38912,-4.0078000000000005,250,155,0.1985630524577573,-0.3535563465207815,0.009251723,750,-0.015588003350421787,0.0003,0.4898838996887207,0.0677734375,0.2,0.002496328204870224
77,37.86,39424,-4.0315,250,157,0.18689759711269288,-0.33687875512987375,0.012629621,760,-0.019956311280839144,0.0003,0.33652573823928833,0.0626953125,0.2,-0.019016601145267487
78,40.03,39936,-4.1085,251,159,0.1547254251781851,-0.4977116629481316,0.014104253,770,-0.026770807208959014,0.0003,0.3560730814933777,0.1009765625,0.2,-0.04558131843805313
79,40.88,40448,-4.2406,250,161,0.07395966245676391,-0.6386100672185421,0.018144814,780,-0.024953808845020832,0.0003,0.19525986909866333,0.1271484375,0.2,-0.03622343763709068
80,38.66,40960,-4.1187000000000005,251,163,0.2513637275900692,-0.3975193565711379,0.0105682975,790,-0.017072257155086847,0.0003,-0.38266873359680176,0.0619140625,0.2,-0.027072923257946968
81,38.74,41472,-4.1895,251,164,0.1998483813018538,-0.3113699171692133,0.009049704,800,-0.022113953379448503,0.0003,0.41986966133117676,0.06328125,0.2,-0.031435415148735046
82,38.59,41984,-4.0202,251,166,0.18521891894051806,-0.23153636706992983,0.02074615,810,-0.014758369437186048,0.0003,0.07507163286209106,0.0546875,0.2,-0.015607113018631935
83,36.79,42496,-3.7903000000000007,251,168,0.30299617506098003,-0.2809556875377893,0.006511477,820,-0.016016457026125863,0.0003,0.05603593587875366,0.05,0.2,-0.03147101774811745
84,37.77,43008,-3.9457,252,170,0.2826575364684686,-0.3210897147655487,0.005640857,830,-0.012795618316158653,0.0003,0.13511204719543457,0.0474609375,0.2,-0.006936162710189819
85,38.38,43520,-3.9013000000000004,252,172,0.06993630140786991,-0.4080408303067088,0.012516705,840,-0.013803198549430818,0.0003,0.7208280563354492,0.0595703125,0.2,-0.019104881212115288
86,38.05,44032,-3.9303,252,174,0.4370955360122025,-0.3514088083058596,0.011752062,850,-0.016113372810650617,0.0003,-1.0861408710479736,0.0529296875,0.2,0.008129008114337921
87,38.52,44544,-3.9632,252,176,0.11371366642415523,-0.31560668535530567,0.01660059,860,-0.023393188638146968,0.0003,0.5432552099227905,0.09609375,0.2,-0.016950268298387527
88,40.7,45056,-3.9934000000000003,253,177,0.35045636794529855,-0.23217359632253648,0.009105581,870,-0.014915479486808181,0.0003,-0.22141635417938232,0.046484375,0.2,-0.0036208834499120712
89,40.07,45568,-3.9554,253,179,0.16504660854116082,-0.4445840783417225,0.017070536,880,-0.020297189755365253,0.0003,0.21868377923965454,0.080859375,0.2,-0.010971451178193092
90,39.54,46080,-3.9632,253,181,0.15937905838945882,-0.4660673703998327,0.021904683,890,-0.025886828009970487,0.0003,0.41434305906295776,0.0927734375,0.2,-0.022812863811850548
91,41.1,46592,-4.0788,253,183,0.17027777344919742,-0.2725222818553448,0.010560745,900,-0.015887739218305795,0.0003,0.32307928800582886,0.0462890625,0.2,-0.020037628710269928
92,39.31,47104,-4.1067,253,185,0.22349690780974923,-0.39516553841531277,0.01139673,910,-0.02113780346699059,0.0003,0.37953948974609375,0.09609375,0.2,-0.028381705284118652
93,37.94,47616,-3.9193000000000002,253,187,0.2718179441988468,-0.23195528294891118,0.0077080415,920,-0.015249102876987308,0.0003,0.16728335618972778,0.0427734375,0.2,-0.010423367843031883
94,37.61,48128,-3.7962000000000007,254,189,0.14374306797981262,-0.3226733893156052,0.021098455,930,-0.015544678317382932,0.0003,0.1745086908340454,0.0693359375,0.2,-0.0067979563027620316
95,38.51,48640,-3.8467999999999996,254,191,0.3424227236770093,-0.31497791334986686,0.021429662,940,-0.014404143474530428,0.0003,-0.5906518697738647,0.0576171875,0.2,-0.013003131374716759
96,37.66,49152,-3.9064000000000005,254,193,0.16194888211321085,-0.3106203205883503,0.011250597,950,-0.018826950003858655,0.0003,0.4507462978363037,0.062109375,0.2,-0.029007747769355774
97,38.76,49664,-3.9989000000000003,254,195,0.19698948424775153,-0.26692007686942815,0.024540687,960,-0.015261253505013884,0.0003,0.43345069885253906,0.065234375,0.2,-0.017738323658704758
98,39.01,50176,-3.874799999999999,254,196,0.2131594955455512,-0.23261959804221988,0.014199284,970,-0.01510186500963755,0.0003,0.3175721764564514,0.059765625,0.2,-0.007559765130281448
99,38.64,50688,-3.9265999999999996,254,198,0.14095239227171988,-0.4172482343390584,0.013796715,980,-0.023981916019693017,0.0003,0.6438952684402466,0.0892578125,0.2,-0.027737293392419815
100,38.47,51200,-3.7936,255,200,0.2604363491991535,-0.35546598136425017,0.013066737,990,-0.02453025192953646,0.0003,0.02271246910095215,0.0884765625,0.2,-0.017421357333660126
101,34.85,51712,-3.7866000000000004,255,202,0.29676079023629426,-0.357927948795259,0.011942519,1000,-0.02326876255683601,0.0003,-0.020591259002685547,0.07421875,0.2,-0.010461367666721344
102,33.8,52224,-3.6268000000000007,255,204,0.139003274589777,-0.3270319324918091,0.0152859455,1010,-0.018093388946726918,0.0003,0.5626722574234009,0.0689453125,0.2,-0.0209793858230114
103,33.83,52736,-3.5718,255,206,0.20749628833727912,-0.4662490375339985,0.1962064,1020,-0.028463739063590766,0.0003,0.33143532276153564,0.169140625,0.2,-0.03131038695573807
104,34.2,53248,-3.5543000000000005,255,208,0.18583815465681255,-0.43353159818798304,0.022494014,1030,-0.023753503686748445,0.0003,0.08110350370407104,0.10390625,0.2,-0.030483748763799667
105,34.55,53760,-3.7264999999999997,255,210,0.22014322523027657,-0.4489712230861187,0.029423077,1040,-0.019601518602576105,0.0003,0.3989534378051758,0.0888671875,0.2,-0.013681558892130852
106,35.77,54272,-3.8887000000000005,255,212,0.110056189855095,-0.4156036337837577,0.020960191,1050,-0.02216299744322896,0.0003,0.6294388771057129,0.091015625,0.2,-0.02395223267376423
107,37.72,54784,-4.1229000000000005,255,214,0.06609229615423828,-0.28974767215549946,0.013416139,1060,-0.019808816851582377,0.0003,0.7115445137023926,0.0712890625,0.2,-0.024495108053088188
108,40.16,55296,-4.25,255,216,0.09092795751057565,-0.37452364191412923,0.018793577,1070,-0.024608245631679893,0.0003,0.5891964435577393,0.10390625,0.2,-0.02002239227294922
109,43.27,55808,-4.4519,256,217,0.3659745252225548,-0.4165631029754877,0.008019736,1080,-0.01737948108930141,0.0003,-0.2046210765838623,0.0646484375,0.2,-0.028514288365840912
110,41.51,56320,-4.3832,256,219,0.1426779721630737,-0.34433975275605916,0.011237316,1090,-0.014388046413660049,0.0003,0.2893064618110657,0.0703125,0.2,-0.003307456150650978
111,40.98,56832,-4.3746,256,221,0.22092358220834285,-0.3203137060627341,0.018603792,1100,-0.02346349925501272,0.0003,0.27818357944488525,0.077734375,0.2,-0.02597973123192787
112,40.28,57344,-4.369300000000001,256,223,0.09558356617344543,-0.44802841898053886,0.05196003,1110,-0.022791365254670383,0.0003,0.4817219376564026,0.1046875,0.2,-0.009760756976902485
113,38.41,57856,-4.221,256,225,0.19728087979601697,-0.24468214455991982,0.010614069,1120,-0.013373310514725744,0.0003,0.10660231113433838,0.0478515625,0.2,-0.008184442296624184
114,38.83,58368,-4.0239,256,227,0.29011874736752363,-0.22104201475158333,0.010761721,1130,-0.018651547213084995,0.0003,-0.32789337635040283,0.0515625,0.2,-0.01286168210208416
115,38.63,58880,-3.9871999999999996,256,229,0.36069788297172634,-0.30560342613607644,0.013024858,1140,-0.02023097376804799,0.0003,-0.11391627788543701,0.0677734375,0.2,0.003018531948328018
116,38.52,59392,-4.017600000000001,256,231,0.19870559468399734,-0.3993412898853421,0.014802901,1150,-0.015143244119826704,0.0003,0.3574519753456116,0.08671875,0.2,-0.005734424572438002
117,37.93,59904,-4.077400000000001,256,233,0.1878276039031334,-0.29964966755360367,0.011616575,1160,-0.016543598647695036,0.0003,0.14173519611358643,0.0654296875,0.2,-0.008687278255820274
118,40.33,60416,-4.3179,256,235,0.26322680404409765,-0.25093681886792185,0.008626441,1170,-0.020002090209163725,0.0003,0.06965351104736328,0.0576171875,0.2,-0.004456153139472008
119,40.96,60928,-4.3739,256,237,0.12256117779761552,-0.23407661626115442,0.033784166,1180,-0.014244232152123004,0.0003,0.5768744945526123,0.0541015625,0.2,-0.0002928292378783226
120,42.37,61440,-4.3072,257,238,0.07323215572396294,-0.37103599589318037,0.02105712,1190,-0.021679005573969335,0.0003,0.7365169525146484,0.096875,0.2,-0.037425294518470764
121,42.93,61952,-4.446,257,240,0.09832572566810996,-0.45255008824169635,0.022909202,1200,-0.033351687458343805,0.0003,0.6533914804458618,0.12578125,0.2,-0.023073045536875725
122,44.97,62464,-4.5089,257,242,0.15239376383833586,-0.3610668370500207,0.01706934,1210,-0.027855817321687938,0.0003,0.29433929920196533,0.09140625,0.2,-0.023506464436650276
123,44.74,62976,-4.695399999999999,257,244,0.09203136465512216,-0.4573784403502941,0.023450974,1220,-0.030003504815977067,0.0003,0.6932815313339233,0.1404296875,0.2,-0.013910461217164993
124,46.67,63488,-4.7381,257,246,0.07564113099360839,-0.45025470331311224,0.018616045,1230,-0.022312737198080867,0.0003,0.6030868291854858,0.1017578125,0.2,-0.03126060962677002
125,46.36,64000,-4.7846,257,248,0.1066250788164325,-0.514618432149291,0.019743092,1240,-0.02228426418732852,0.0003,0.45144277811050415,0.107421875,0.2,-0.04722808673977852
126,48.49,64512,-4.8386,257,250,0.07409039777703583,-0.40979901514947414,0.012178633,1250,-0.02271112003363669,0.0003,0.6448255777359009,0.096484375,0.2,-0.025114770978689194
127,47.43,65024,-4.6401,257,252,0.2079207253875211,-0.44363643489778043,0.0275761,1260,-0.01968994315247983,0.0003,0.5427509546279907,0.0927734375,0.2,-0.011464865878224373
128,45.7,65536,-4.4242,258,253,0.15264670071192085,-0.5275137554854155,0.026845833,1270,-0.027627376618329435,0.0003,0.10381954908370972,0.1263671875,0.2,-0.03604413568973541
129,45.38,66048,-4.49,258,255,0.388770138588734,-0.2470216610468924,0.0124422675,1280,-0.015977919555734844,0.0003,-0.3998100757598877,0.0486328125,0.2,-0.028800858184695244
130,44.69,66560,-4.373500000000001,258,257,0.12505722492933274,-0.3394832663238049,0.015912514,1290,-0.0224432741291821,0.0003,0.6523540019989014,0.0826171875,0.2,-0.010979062877595425
131,42.48,67072,-4.1312,258,259,0.13636765404371545,-0.34433671049773695,0.011494459,1300,-0.01793367633363232,0.0003,0.5713402032852173,0.0787109375,0.2,-0.013391392305493355
132,39.57,67584,-4.0399,258,261,0.11803649415960535,-0.42909747213125227,0.013719081,1310,-0.02403807019582018,0.0003,0.6200972199440002,0.1111328125,0.2,-0.02329329214990139
133,38.6,68096,-3.9304,258,263,0.12686836970970033,-0.2820096004754305,0.007833721,1320,-0.012147563649341464,0.0003,0.13881456851959229,0.05625,0.2,-0.002138691022992134
134,37.91,68608,-3.7583,257,265,0.13959975295001642,-0.42248621601611375,0.015503286,1330,-0.018867899116594346,0.0003,0.4215087294578552,0.0734375,0.2,-0.017614763230085373
135,37.92,69120,-3.8972000000000007,257,267,0.37757828370667995,-0.3389952277764678,0.013914269,1340,-0.021700222115032374,0.0003,-0.28273212909698486,0.088671875,0.2,-0.0012265294790267944
136,39.38,69632,-3.9100999999999995,258,269,0.14066278722602873,-0.32152081932872534,0.013207493,1350,-0.015124405571259558,0.0003,0.6362756490707397,0.0787109375,0.2,-0.03369865566492081
137,39.27,70144,-3.7865999999999995,258,271,0.1336263606674038,-0.27841858863830565,0.01079841,1360,-0.014535211096517741,0.0003,0.44492948055267334,0.0728515625,0.2,-0.016420504078269005
138,40.48,70656,-4.0202,258,273,0.3161244274349883,-0.3748178992420435,0.009567888,1370,-0.021435518702492117,0.0003,0.10924887657165527,0.0787109375,0.2,-0.005798671394586563
139,40.4,71168,-4.1614,258,275,0.1789945149794221,-0.21119861202314497,0.017572884,1380,-0.01703925437759608,0.0003,0.36064600944519043,0.0548828125,0.2,-0.028829660266637802
140,40.88,71680,-4.1446,258,277,0.07661941277328879,-0.21412150133401156,0.009625968,1390,-0.015186963102314622,0.0003,0.7486578226089478,0.0619140625,0.2,-0.010146092623472214
141,41.52,72192,-4.1051,258,278,0.09511466799303889,-0.34507327899336815,0.016000375,1400,-0.02147218402242288,0.0003,0.7828589081764221,0.08046875,0.2,-0.03204328194260597
142,42.94,72704,-4.1305000000000005,258,280,0.23131630977150053,-0.31188430916517973,0.026032573,1410,-0.01885739342542365,0.0003,0.4509882926940918,0.0884765625,0.2,-0.026157431304454803
143,40.55,73216,-3.943499999999999,258,282,0.2784199901856482,-0.32079998664557935,0.01116305,1420,-0.015473574213683606,0.0003,-0.0885699987411499,0.0640625,0.2,-0.005606107413768768
144,40.01,73728,-4.043699999999999,259,284,0.21748195253312588,-0.3134485241025686,0.013666683,1430,-0.026065359939821064,0.0003,0.4753967523574829,0.0787109375,0.2,-0.05193708464503288
145,36.68,74240,-3.8888,258,286,0.12437945151468739,-0.26574289966374637,0.012611187,1440,-0.01614264054223895,0.0003,0.4129936695098877,0.06171875,0.2,-0.004469585604965687
146,36.69,74752,-3.7347,259,288,0.21515133131761105,-0.24829909997060895,0.021369144,1450,-0.01646928011905402,0.0003,0.22495973110198975,0.0703125,0.2,-0.015233115293085575
147,35.88,75264,-3.4781,259,290,0.181287035450805,-0.2885343635454774,0.0151370745,1460,-0.01529545693192631,0.0003,0.33864468336105347,0.075,0.2,-0.01862296462059021
148,36.56,75776,-3.6861999999999995,259,292,0.436999372811988,-0.34388140942901374,0.0117153,1470,-0.014043624722398817,0.0003,-0.5628890991210938,0.0484375,0.2,0.015016645193099976
149,35.72,76288,-3.7873000000000006,259,294,0.1796442002058029,-0.31730306884273884,0.015866999,1480,-0.0201703074388206,0.0003,0.35471683740615845,0.0642578125,0.2,-0.03052453137934208
150,34.41,76800,-3.6672,259,296,0.2730010605882853,-0.2676773350685835,0.016774412,1490,-0.01977504660608247,0.0003,-0.5101553201675415,0.075390625,0.2,-0.011344999074935913
151,34.45,77312,-3.6151999999999993,259,297,0.2638212740421295,-0.26882312186062335,0.018969717,1500,-0.020488947245758025,0.0003,0.19371682405471802,0.06328125,0.2,-0.03025258332490921
152,36.78,77824,-3.6660000000000004,259,299,0.13731145351193846,-0.48790873065590856,0.023114922,1510,-0.021500612748786806,0.0003,0.16876310110092163,0.1046875,0.2,-0.024562658742070198
153,40.28,78336,-3.8291000000000004,259,301,0.27215638537891207,-0.4329185504466295,0.014532185,1520,-0.014079190976917743,0.0003,-0.3119121789932251,0.0775390625,0.2,-0.009207861497998238
154,41.1,78848,-4.0783000000000005,259,303,0.16965922510717063,-0.4436877932399511,0.014101474,1530,-0.010971169947879389,0.0003,-0.00028884410858154297,0.0736328125,0.2,0.005269454792141914
155,40.7,79360,-4.3755,259,305,0.12190334086772055,-0.3047936674207449,0.012354551,1540,-0.017574718233663588,0.0003,0.5006532669067383,0.0703125,0.2,-0.013007884845137596
156,41.29,79872,-4.3126,259,307,0.10294904495822266,-0.3131312409415841,0.024395913,1550,-0.022299894131720066,0.0003,0.6207297444343567,0.0740234375,0.2,-0.0320938341319561
157,43.86,80384,-4.5624,259,309,0.11402566902106628,-0.43413285054266454,0.018172676,1560,-0.017299600690603257,0.0003,0.699164092540741,0.09921875,0.2,-0.02888449840247631
158,45.37,80896,-4.7031,259,311,0.11369942849269137,-0.26951275216415527,0.016500412,1570,-0.012945118662901222,0.0003,0.6055545806884766,0.0544921875,0.2,-0.009135319851338863
159,46.8,81408,-4.8667,260,313,0.06510031141224318,-0.26187568437308073,0.016344,1580,-0.021681654336862265,0.0003,0.782860517501831,0.078515625,0.2,-0.02967911958694458
160,42.12,81920,-4.451300000000001,260,314,0.11494024774292484,-0.39925510473549364,0.027238637,1590,-0.022633183072321116,0.0003,0.33948129415512085,0.112109375,0.2,-0.00570461992174387
161,37.52,82432,-4.204699999999999,260,316,0.2571967780822888,-0.4650365948677063,0.01923458,1600,-0.020308950368780644,0.0003,0.18688803911209106,0.0904296875,0.2,-0.01577497273683548
162,36.94,82944,-4.0313,260,318,0.23321290975436568,-0.24947316478937864,0.012582658,1610,-0.017462663119658828,0.0003,0.16296321153640747,0.0587890625,0.2,-0.024603817611932755
163,34.24,83456,-3.9468999999999994,260,320,0.18544047232717276,-0.26772017739713194,0.011062789,1620,-0.016182947624474763,0.0003,0.34986037015914917,0.0634765625,0.2,-0.016835210844874382
164,32.54,83968,-3.7751,260,322,0.23117807471426205,-0.18915541274473072,0.008226263,1630,-0.01750517184846103,0.0003,0.24570173025131226,0.0515625,0.2,-0.010550467297434807
165,32.37,84480,-3.6526999999999994,260,324,0.2627574513666332,-0.28405486065894364,0.014430862,1640,-0.019624886754900216,0.0003,-0.4479942321777344,0.0646484375,0.2,-0.020035529509186745
166,33.52,84992,-3.7934,260,326,0.17161584275308997,-0.2912189597263932,0.017353917,1650,-0.02031594911823049,0.0003,0.6098766326904297,0.0650390625,0.2,-0.0027530621737241745
167,34.81,85504,-3.9217,260,328,0.16428219960071147,-0.292911702953279,0.024129365,1660,-0.02127248318865895,0.0003,0.3336668610572815,0.0666015625,0.2,-0.013218757696449757
168,35.77,86016,-3.8266000000000004,260,330,0.22676464850082995,-0.30977018680423496,0.013346941,1670,-0.01752793291816488,0.0003,-0.06871521472930908,0.06640625,0.2,-0.013905408792197704
169,36.44,86528,-4.005700000000001,260,332,0.26103398634586483,-0.4097326140850782,0.03154764,1680,-0.02276627210667357,0.0003,-0.49383652210235596,0.117578125,0.2,-0.026964686810970306
170,36.64,87040,-4.0275,260,333,0.21989778180141,-0.23439010605216026,0.013902333,1690,-0.017860595509409903,0.0003,0.03800565004348755,0.0552734375,0.2,-0.018764369189739227
171,37.45,87552,-3.8998999999999997,260,335,0.2516715141013265,-0.21377217071130872,0.024316128,1700,-0.024405482166912407,0.0003,0.2500864267349243,0.0724609375,0.2,-0.03677114471793175
172,37.98,88064,-3.9931000000000005,260,337,0.15843509074766188,-0.32170550562441347,0.016751934,1710,-0.023968905908986926,0.0003,0.5976124405860901,0.09921875,0.2,-0.04233216494321823
173,39.6,88576,-4.148499999999999,260,339,0.07970267675118521,-0.33767118211835623,0.024572266,1720,-0.022279448597691952,0.0003,0.7220531702041626,0.09140625,0.2,-0.02063649520277977
174,39.42,89088,-4.2681000000000004,260,341,0.068707460956648,-0.2651294579729438,0.017600816,1730,-0.018248435424175112,0.0003,0.7964861392974854,0.071484375,0.2,-0.03073493205010891
175,38.95,89600,-4.1762,260,343,0.13157719554146752,-0.25359284672886134,0.011920586,1740,-0.020661718619521707,0.0003,0.29770857095718384,0.060546875,0.2,-0.027955802157521248
176,40.56,90112,-4.3668000000000005,260,345,0.14460081508150324,-0.3936666913330555,0.01667417,1750,-0.022774890973232688,0.0003,0.42593538761138916,0.0892578125,0.2,-0.03014397621154785
177,39.25,90624,-4.1696,261,347,0.076128345716279,-0.2953781604766846,0.018228706,1760,-0.025778074003756046,0.0003,0.6478472948074341,0.11484375,0.2,-0.04283434897661209
178,37.69,91136,-4.195,260,349,0.3218428220367059,-0.363057897426188,0.018815272,1770,-0.01657124749617651,0.0003,0.1178598403930664,0.078515625,0.2,0.004975862801074982
179,34.16,91648,-3.943600000000001,261,351,0.11934262493159623,-0.26845955681055783,0.015447283,1780,-0.01918876273557544,0.0003,0.372108519077301,0.069921875,0.2,-0.041958339512348175
180,32.06,92160,-3.8316,261,352,0.11740655703470111,-0.2771621860563755,0.011646932,1790,-0.02023497810587287,0.0003,0.3491242527961731,0.0826171875,0.2,-0.04144109785556793
181,30.29,92672,-3.7725,261,354,0.19895218326710165,-0.2300716143101454,0.015359614,1800,-0.01849713281262666,0.0003,-0.35687971115112305,0.065625,0.2,-0.034083276987075806
182,30.72,93184,-3.7621999999999995,261,356,0.13835840213578193,-0.3567812230437994,0.021341909,1810,-0.02700548298889771,0.0003,0.5168007016181946,0.101171875,0.2,-0.04222159460186958
183,31.21,93696,-3.7719999999999994,261,358,0.06132614582311362,-0.4357210136950016,0.031144934,1820,-0.02442715362412855,0.0003,0.662155032157898,0.13046875,0.2,-0.03679783642292023
184,29.45,94208,-3.5065,261,360,0.31327635212801397,-0.22180749345570802,0.01074703,1830,-0.01825060301925987,0.0003,-0.2286165952682495,0.062109375,0.2,-0.012166056782007217
185,31.81,94720,-3.4863999999999997,261,362,0.5132406115531921,-0.3993425440043211,0.022488631,1840,-0.026655491394922137,0.0003,-0.9072856903076172,0.090234375,0.2,-0.040220707654953
186,30.87,95232,-3.2555999999999994,261,364,0.11015744769829325,-0.3603562334552407,0.013501268,1850,-0.017981356859672816,0.0003,0.622295618057251,0.080078125,0.2,-0.014309234917163849
187,31.72,95744,-3.179,261,366,0.2251482210238464,-0.24199324585497378,0.01594267,1860,-0.019512704201042654,0.0003,0.32937371730804443,0.06171875,0.2,-0.025797750800848007
188,29.4,96256,-3.0471000000000004,261,368,0.11622999812243506,-0.3879016563296318,0.022236034,1870,-0.020784498553257435,0.0003,0.48818957805633545,0.095703125,0.2,-0.017972001805901527
189,30.51,96768,-3.0986000000000002,261,370,0.23530858119484038,-0.34788666721433403,0.013069729,1880,-0.02211042500566691,0.0003,-0.04620993137359619,0.081640625,0.2,-0.021706096827983856
190,31.37,97280,-3.0902000000000003,261,372,0.2278801008942537,-0.3036985222250223,0.028189704,1890,-0.0234531591180712,0.0003,-0.07187724113464355,0.0853515625,0.2,-0.028344999998807907
191,29.99,97792,-3.0858000000000003,261,374,0.2003165743080899,-0.3560685820877552,0.091584355,1900,-0.024686225224286318,0.0003,0.37035876512527466,0.107421875,0.2,-0.030628738924860954
192,29.54,98304,-3.081300000000001,261,376,0.22119598472490906,-0.32477794773876667,0.024992486,1910,-0.027644685516133905,0.0003,0.3918837308883667,0.0982421875,0.2,0.00777580589056015
193,30.28,98816,-3.1874999999999996,261,378,0.26093412910122427,-0.35631341971457003,0.015925318,1920,-0.019425181311089546,0.0003,-0.18286728858947754,0.0845703125,0.2,0.0026590730994939804
194,31.63,99328,-3.3468,261,380,0.17443077536299825,-0.35365027394145726,0.016254552,1930,-0.025500651681795716,0.0003,0.6084342002868652,0.100390625,0.2,-0.03723011538386345
195,31.77,99840,-3.3334,261,382,0.1367695485940203,-0.2614794449880719,0.010457644,1940,-0.01651055980473757,0.0003,0.5581313371658325,0.06640625,0.2,-0.0005058757960796356
196,32.25,100352,-3.4811000000000005,261,384,0.24250040238257498,-0.2618811524473131,0.015299532,1950,-0.01454007492866367,0.0003,0.34543079137802124,0.0666015625,0.2,-0.03365524485707283
197,31.83,100864,-3.5156,261,386,0.11912652095779777,-0.41045829877257345,0.027533883,1960,-0.031324036343721676,0.0003,0.537280261516571,0.1390625,0.2,-0.04724106192588806
198,31.53,101376,-3.2265999999999995,261,388,0.3696241943631321,-0.22878178870305418,0.0128787495,1970,-0.01021324471803382,0.0003,-0.30069148540496826,0.0470703125,0.2,0.005347313359379768
199,32.82,101888,-3.3917,261,390,0.2989257748005912,-0.29496335685253144,0.016230568,1980,-0.025643263780511915,0.0003,0.33192676305770874,0.076953125,0.2,-0.02684561163187027
200,32.45,102400,-3.3386999999999993,261,392,0.18633615802973508,-0.33007849343121054,0.028207164,1990,-0.023409488692414014,0.0003,0.25280725955963135,0.0931640625,0.2,-0.042377300560474396
201,30.54,102912,-3.1308,261,394,0.16967952443519607,-0.24259666251018644,0.014224264,2000,-0.01678179284790531,0.0003,0.5048219561576843,0.067578125,0.2,-0.0020522139966487885
202,30.54,103424,-3.1186999999999996,261,396,0.2838072404381819,-0.3057073079049587,0.018184125,2010,-0.01850503928726539,0.0003,-0.03513073921203613,0.073046875,0.2,-0.001676909625530243
203,31.36,103936,-3.0573,261,397,0.1923896799562499,-0.29373131077736614,0.016195638,2020,-0.016575109492987395,0.0003,0.38781267404556274,0.071484375,0.2,-0.014334321022033691
204,33.34,104448,-3.124800000000001,261,399,0.3127226403797977,-0.19549927692860364,0.020129362,2030,-0.01687344090314582,0.0003,0.10847234725952148,0.063671875,0.2,-0.02060670591890812
205,35.08,104960,-3.3738000000000006,261,401,0.16466221779119222,-0.3862709389999509,0.09702931,2040,-0.02050260053947568,0.0003,0.2474195957183838,0.108203125,0.2,-0.015531317330896854
206,33.66,105472,-3.2221999999999995,261,403,0.24603110037278383,-0.2926794268190861,0.016958572,2050,-0.01781636754749343,0.0003,0.4516317844390869,0.0798828125,0.2,-0.024040265008807182
207,32.72,105984,-3.0467999999999993,261,405,0.2845467693405226,-0.2685079475864768,0.0086654555,2060,-0.01447768920334056,0.0003,0.11973226070404053,0.046875,0.2,-0.002522766590118408
208,33.72,106496,-3.2034000000000002,261,407,0.4233132498105988,-0.22299921456724406,0.013765231,2070,-0.015202905819751322,0.0003,-0.9269852638244629,0.0626953125,0.2,-0.008858999237418175
209,35.85,107008,-3.3017999999999996,261,409,0.18129183345008643,-0.31428718082606794,0.036454376,2080,-0.01889412219170481,0.0003,0.40701866149902344,0.0859375,0.2,-0.01731974072754383
210,37.2,107520,-3.4208999999999996,261,411,0.11983508851844818,-0.3204580208286643,0.025712572,2090,-0.023582527763210237,0.0003,0.6555485725402832,0.0947265625,0.2,-0.029489928856492043
211,36.33,108032,-3.3801000000000005,261,413,0.13921976465499028,-0.38060662914067506,0.030300941,2100,-0.017345885024406017,0.0003,0.4860285520553589,0.0853515625,0.2,-0.027240805327892303
212,35.34,108544,-3.5446,261,414,0.14355386910028756,-0.3876538576558232,0.019960202,2110,-0.028705077385529874,0.0003,-0.18451344966888428,0.1109375,0.2,-0.04075837880373001
213,36.53,109056,-3.6587999999999994,261,416,0.21358302996959538,-0.2203649236820638,0.011844138,2120,-0.019176007877103985,0.0003,0.259615421295166,0.0724609375,0.2,-0.027830898761749268
214,38.2,109568,-3.963600000000001,261,418,0.16708875165786594,-0.21709297383204101,0.024386495,2130,-0.015964303398504853,0.0003,0.01518261432647705,0.0666015625,0.2,-0.0021962998434901237
215,41.41,110080,-3.9897000000000005,261,420,0.0957198674674146,-0.3199276240542531,0.015501816,2140,-0.02207793534034863,0.0003,0.34574395418167114,0.0810546875,0.2,-0.019175034016370773
216,41.19,110592,-4.123900000000001,261,422,0.2652453211136162,-0.20764804156497121,0.013588071,2150,-0.012408303515985607,0.0003,0.27764177322387695,0.0490234375,0.2,-0.01884130761027336
217,39.95,111104,-4.0806,261,424,0.11873415377922356,-0.1794549879617989,0.012066338,2160,-0.018887746951077134,0.0003,0.503691554069519,0.0650390625,0.2,-0.03373899310827255
218,37.95,111616,-4.088,261,426,0.26674635130912067,-0.13258507805876435,0.013091665,2170,-0.008553478389512748,0.0003,-0.8866305351257324,0.04296875,0.2,-0.02284163422882557
219,37.64,112128,-4.050999999999999,261,428,0.3213334201136604,-0.17952431412413716,0.012587648,2180,-0.011045279505196959,0.0003,0.0951465368270874,0.0453125,0.2,0.006345061585307121
220,39.22,112640,-4.097499999999999,262,429,0.08961215942399577,-0.1762567652389407,0.021405697,2190,-0.018932752212276683,0.0003,0.7245419025421143,0.061328125,0.2,-0.02993955835700035
221,39.24,113152,-3.8525000000000005,261,431,0.1604056934826076,-0.2009571336209774,0.047253456,2200,-0.015562639781273901,0.0003,0.678464412689209,0.0697265625,0.2,-0.030990369617938995
222,37.94,113664,-3.7603000000000004,262,433,0.25572128223720936,-0.2150781241245568,0.009411515,2210,-0.01346131773898378,0.0003,0.3100094199180603,0.057421875,0.2,0.0044372472912073135
223,37.61,114176,-3.7607999999999997,262,435,0.15633100336417555,-0.3304288502782583,0.030624814,2220,-0.01959380954504013,0.0003,0.21632856130599976,0.0830078125,0.2,-0.01160254143178463
224,38.16,114688,-3.7948000000000004,262,437,0.3465856552356854,-0.15264595877379178,0.0073598395,2230,-0.010349709005095065,0.0003,-0.46083712577819824,0.0337890625,0.2,-0.025089623406529427
225,37.27,115200,-3.636000000000001,262,439,0.1614280952140689,-0.24459679201245307,0.028973922,2240,-0.019883385731372983,0.0003,0.37854862213134766,0.0802734375,0.2,-0.015328990295529366
226,36.53,115712,-3.5007999999999995,262,441,0.41233172696083786,-0.18128502601757646,0.013092518,2250,-0.017275453242473305,0.0003,-0.08401453495025635,0.0587890625,0.2,-0.014295874163508415
227,36.7,116224,-3.4363999999999995,262,443,0.24812072673812507,-0.1514655349776149,0.012323525,2260,-0.014357980876229703,0.0003,-0.03537642955780029,0.0572265625,0.2,-0.01128319464623928
228,37.05,116736,-3.610299999999999,262,445,0.3944299312774092,-0.14471133826300503,0.016210848,2270,-0.012274321762379258,0.0003,-0.28422534465789795,0.04140625,0.2,-0.017125362530350685
229,38.45,117248,-3.7267,262,446,0.160997217730619,-0.1888999016955495,0.012874587,2280,-0.011595767724793404,0.0003,0.2088383436203003,0.052734375,0.2,0.0039715273305773735
230,37.57,117760,-3.5285,262,448,0.16377311022952198,-0.2336233040317893,0.016949601,2290,-0.014146777463611215,0.0003,0.3531579375267029,0.0806640625,0.2,-0.026506446301937103
231,37.17,118272,-3.6129,262,450,0.13545669487211853,-0.21102158380672337,0.010683737,2300,-0.01177857123548165,0.0003,0.47850900888442993,0.0619140625,0.2,-0.012726845219731331
232,38.6,118784,-3.7815,262,452,0.16347946879686787,-0.17361000292003154,0.013277965,2310,-0.012820240168366581,0.0003,0.4173174500465393,0.0466796875,0.2,-0.0029805470257997513
233,41.37,119296,-3.769799999999999,262,454,0.07987713144393638,-0.4230430819094181,0.022974515,2320,-0.020663420460186897,0.0003,0.6620429754257202,0.1203125,0.2,-0.04502226412296295
234,41.71,119808,-3.942500000000001,262,456,0.3365102051058784,-0.17437846371904014,0.015683748,2330,-0.012714075203984977,0.0003,0.1876312494277954,0.04921875,0.2,0.020358692854642868
235,40.89,120320,-4.0263,262,458,0.3663568129064515,-0.20407726671546697,0.0113185765,2340,-0.0180584765272215,0.0003,-0.40515756607055664,0.057421875,0.2,-0.030896799638867378
236,38.67,120832,-3.8749000000000002,262,460,0.15256786786485463,-0.19806022364646197,0.014101459,2350,-0.017510077299084513,0.0003,0.19545680284500122,0.0734375,0.2,-0.014823533594608307
237,39.03,121344,-4.0112000000000005,262,462,0.3299087232677266,-0.26062012878246604,0.03697222,2360,-0.017953354818746447,0.0003,-0.34147024154663086,0.0671875,0.2,-0.02537793293595314
238,38.22,121856,-3.8977,262,464,0.2705680747050792,-0.1593520598951727,0.02214403,2370,-0.011893700051587075,0.0003,0.003952085971832275,0.04921875,0.2,-0.0057853590697050095
239,33.39,122368,-3.6377000000000006,262,465,0.18344635085668415,-0.24839702351018786,0.022597319,2380,-0.020011368370614947,0.0003,0.20826971530914307,0.0796875,0.2,-0.03282308578491211
240,32.73,122880,-3.7144999999999997,262,467,0.29296300632413474,-0.19806597204878926,0.0077868304,2390,-0.010402276506647467,0.0003,-0.011796355247497559,0.037109375,0.2,-0.013477340340614319
241,34.07,123392,-3.7844999999999995,262,469,0.13000637982040644,-0.15282751936465502,0.010252554,2400,-0.013508629449643195,0.0003,0.5565098524093628,0.0462890625,0.2,-0.0018934588879346848
242,34.37,123904,-3.8177999999999996,262,471,0.14920760081149637,-0.23573702285066248,0.011519447,2410,-0.01170097772264853,0.0003,0.277360200881958,0.0830078125,0.2,-0.015896491706371307
243,35.55,124416,-3.9576000000000007,262,473,0.26745661479653793,-0.16436566086485982,0.017485116,2420,-0.018638284783810376,0.0003,0.18354374170303345,0.0603515625,0.2,-0.02924960106611252
244,36.91,124928,-3.9765,262,475,0.10981910452246665,-0.19882355630397797,0.012925593,2430,-0.012588637322187424,0.0003,0.5899885892868042,0.046484375,0.2,-0.008433276787400246
245,34.76,125440,-3.6365000000000003,262,477,0.11901452784659342,-0.27066984083503487,0.018387794,2440,-0.017257530754432083,0.0003,0.5262869000434875,0.08125,0.2,-0.02459363080561161
246,37.18,125952,-3.7982,262,479,0.5198536520823837,-0.16668892549350858,0.011942546,2450,-0.016347331856377424,0.0003,0.3334851861000061,0.051953125,0.2,0.013667689636349678
247,35.44,126464,-3.5023,262,480,0.15787881772266701,-0.23308467045426368,0.012495961,2460,-0.015074475458823145,0.0003,0.5864155888557434,0.0751953125,0.2,0.0025529414415359497
248,34.48,126976,-3.390800000000001,262,482,0.31309900134801866,-0.2597465798258781,0.026516307,2470,-0.018820732110179962,0.0003,0.015621304512023926,0.0654296875,0.2,-0.006673326715826988
249,33.18,127488,-3.3007,262,484,0.31891209525056186,-0.25004038913175464,0.008444615,2480,-0.012695327249821276,0.0003,-0.48901331424713135,0.053515625,0.2,-0.014039011672139168
250,30.5,128000,-3.1011000000000006,263,486,0.17766926989424975,-0.2757444102317095,0.019600045,2490,-0.018024825770407916,0.0003,0.4523594379425049,0.104296875,0.2,-0.014052975922822952
251,32.82,128512,-3.3748,262,488,0.27228136020712557,-0.2175896561704576,0.031059744,2500,-0.01561120500555262,0.0003,-0.3794945478439331,0.0697265625,0.2,-0.008147183805704117
252,33.33,129024,-3.4424,263,490,0.12893932798178867,-0.2217699619010091,0.022031497,2510,-0.01339900327147916,0.0003,0.5308557748794556,0.0681640625,0.2,-0.011286504566669464
253,32.96,129536,-3.4918,263,492,0.1341948109678924,-0.2673869555816054,0.041624535,2520,-0.016862072458025068,0.0003,0.12241387367248535,0.0849609375,0.2,-0.023530149832367897
254,33.81,130048,-3.7250999999999994,262,494,0.1866994141601026,-0.23172153457999228,0.025101896,2530,-0.023432292614597828,0.0003,0.4443315267562866,0.0845703125,0.2,-0.02025117352604866
255,33.35,130560,-3.708800000000001,263,496,0.11107313459506259,-0.1888982655480504,0.020371962,2540,-0.015839400491677223,0.0003,0.42372220754623413,0.0662109375,0.2,-0.024761168286204338
256,33.35,131072,-3.6965,263,498,0.3094426236581057,-0.18812279487028719,0.007950008,2550,-0.01667369568021968,0.0003,0.1910349726676941,0.0509765625,0.2,-0.030664535239338875
257,33.94,131584,-3.7359999999999998,263,500,0.1708677307702601,-0.25654029101133347,0.020619387,2560,-0.01675095239188522,0.0003,0.351299524307251,0.0796875,0.2,-0.019609300419688225
258,34.04,132096,-3.8527,263,501,0.1892992902896367,-0.17671526418998837,0.019294193,2570,-0.011101303179748357,0.0003,0.13739103078842163,0.052734375,0.2,-0.011343307793140411
259,33.03,132608,-3.6752000000000002,263,503,0.11705761651974171,-0.18778014807030557,0.012454879,2580,-0.013489223271608352,0.0003,0.6995130777359009,0.0578125,0.2,-0.02572750113904476
260,33.62,133120,-3.7118,263,505,0.1702664703130722,-0.2171092417091131,0.01339967,2590,-0.016142618353478612,0.0003,0.22377806901931763,0.0732421875,0.2,-0.03459632396697998
261,34.66,133632,-3.7013000000000007,263,507,0.38715389333665373,-0.15599074112251402,0.0124223,2600,-0.014713236677926034,0.0003,-0.029933571815490723,0.0494140625,0.2,-0.008519856259226799
262,35.94,134144,-3.8901,263,509,0.10171961500309408,-0.24379149116575718,0.02137838,2610,-0.020858452119864524,0.0003,0.6807161569595337,0.0861328125,0.2,-0.031185831874608994
263,34.65,134656,-3.787100000000001,263,511,0.17312287606764584,-0.1555424019228667,0.008078953,2620,-0.018410243978723883,0.0003,0.34944862127304077,0.0533203125,0.2,-0.011730711907148361
264,33.81,135168,-3.6563000000000003,263,513,0.12429903133306652,-0.24912980403751134,0.040241554,2630,-0.022088117070961744,0.0003,0.1358661651611328,0.0892578125,0.2,-0.029942166060209274
265,34.44,135680,-3.5074,263,515,0.2922519833780825,-0.1302660287823528,0.017755445,2640,-0.012891723477514461,0.0003,0.35425060987472534,0.04609375,0.2,-0.0001775044947862625
266,33.67,136192,-3.4588,263,517,0.21941778330365197,-0.25193007458001376,0.02072505,2650,-0.016491577913984656,0.0003,0.20258748531341553,0.068359375,0.2,-0.030211934819817543
267,34.82,136704,-3.6005000000000003,263,519,0.15399832318071277,-0.2273193771019578,0.027854707,2660,-0.015499607962556183,0.0003,0.6707601547241211,0.0783203125,0.2,-0.018210843205451965
268,34.33,137216,-3.5140000000000002,263,521,0.15120699749095365,-0.2690217554569244,0.025164064,2670,-0.018901304400060326,0.0003,0.5097736716270447,0.074609375,0.2,-0.024690521880984306
269,32.34,137728,-3.305799999999999,263,522,0.35901250049937516,-0.19337052907794713,0.020869473,2680,-0.012052834406495095,0.0003,-0.08401012420654297,0.06484375,0.2,-0.006264565512537956
270,33.2,138240,-3.4399999999999995,263,524,0.27687372057698667,-0.1525363522581756,0.010716563,2690,-0.014282602560706436,0.0003,0.2649531364440918,0.06328125,0.2,0.007620226591825485
271,34.06,138752,-3.6738000000000004,263,527,0.14665273656137287,-0.14552817437797785,0.015137069,2700,-0.012496525922324508,0.0003,0.5331276655197144,0.0455078125,0.2,-0.02019818127155304
272,32.16,139264,-3.7687999999999993,263,528,0.4420378384646028,-0.08404324122238904,0.006041362,2710,-0.009281716891564429,0.0003,-0.8117144107818604,0.03203125,0.2,0.0064078643918037415
273,32.17,139776,-3.635000000000001,263,530,0.18480164092034101,-0.143892496265471,0.023153277,2720,-0.01642258221982047,0.0003,0.4014710783958435,0.062109375,0.2,-0.014109949581325054
274,29.37,140288,-3.5814999999999992,263,532,0.10690124330576509,-0.23173502068966628,0.05633158,2730,-0.018751326634082945,0.0003,0.49912577867507935,0.0984375,0.2,-0.022902319207787514
275,30.46,140800,-3.627,263,534,0.1613827472901903,-0.18251555524766444,0.018583093,2740,-0.014021705789491534,0.0003,0.17685741186141968,0.077734375,0.2,-0.004641071893274784
276,31.09,141312,-3.5636,263,536,0.2071450725547038,-0.17000404242426156,0.016398184,2750,-0.016048770421184598,0.0003,0.33652687072753906,0.064453125,0.2,-0.002153221517801285
277,32.07,141824,-3.4762000000000004,263,538,0.09726616402622312,-0.21027538124471903,0.01958445,2760,-0.020006330381147564,0.0003,0.498230516910553,0.0978515625,0.2,-0.032983023673295975
278,33.43,142336,-3.5491999999999995,263,540,0.2583092254004441,-0.30085296612232926,0.02201134,2770,-0.01012116032652557,0.0003,-0.4940446615219116,0.0853515625,0.2,0.002769649960100651
279,33.16,142848,-3.5499,263,542,0.2965236255899072,-0.2071748197078705,0.016447697,2780,-0.012021637661382556,0.0003,0.02008795738220215,0.06328125,0.2,-0.014040046371519566
280,34.07,143360,-3.5523,263,544,0.16774679645895957,-0.19921827772632242,0.02981528,2790,-0.016708713385742157,0.0003,0.0767485499382019,0.075,0.2,0.0002150731161236763
281,33.78,143872,-3.539800000000001,263,546,0.21217550395522267,-0.2861334890127182,0.059397772,2800,-0.023772948584519327,0.0003,-0.06690323352813721,0.11328125,0.2,-0.014609862118959427
282,35.19,144384,-3.3699,263,547,0.17799953042995184,-0.12281457395292819,0.018733902,2810,-0.014221451838966458,0.0003,0.2409188151359558,0.050390625,0.2,-0.0011846795678138733
283,35.69,144896,-3.3991000000000002,263,549,0.2919840429909527,-0.16019854359328747,0.026490279,2820,-0.014303706935606897,0.0003,0.4198472499847412,0.0548828125,0.2,-0.008905434980988503
284,35.92,145408,-3.3231,263,551,0.13809146208222955,-0.19188166931271552,0.049913183,2830,-0.017778748308774083,0.0003,0.5515713691711426,0.0728515625,0.2,-0.006138907745480537
285,33.5,145920,-2.9196000000000004,263,553,0.20284617688739673,-0.2006148410961032,0.024324838,2840,-0.016155775915831328,0.0003,0.5489116907119751,0.0765625,0.2,-0.012555558234453201
286,35.46,146432,-2.928100000000001,263,555,0.416751616820693,-0.25816550496965646,0.020195302,2850,-0.01760758806485683,0.0003,-0.08447778224945068,0.081640625,0.2,-0.0026795770972967148
287,35.69,146944,-3.1555999999999993,263,557,0.15391206559725107,-0.2474353838711977,0.011341565,2860,-0.01137433391995728,0.0003,0.2303096055984497,0.05859375,0.2,-0.006072131916880608
288,33.58,147456,-2.961799999999999,263,559,0.17378121238434688,-0.15299070738255977,0.026642159,2870,-0.01869118296308443,0.0003,0.39807724952697754,0.054296875,0.2,-0.0001002354547381401
289,31.73,147968,-2.7806,263,561,0.2624506331281736,-0.23638870865106582,0.023667436,2880,-0.01597092910669744,0.0003,0.4168289303779602,0.0861328125,0.2,-0.00927161518484354
290,33.77,148480,-2.9531000000000005,263,563,0.318999291700311,-0.13202889203093945,0.015468439,2890,-0.010123828356154264,0.0003,-0.0702744722366333,0.0443359375,0.2,0.0018110200762748718
291,33.51,148992,-3.0479,263,565,0.35966940876096487,-0.2524515626952052,0.024125833,2900,-0.01611407254822552,0.0003,-0.4141632318496704,0.07421875,0.2,-0.02423284761607647
292,37.28,149504,-3.3101000000000003,263,567,0.23108550445176662,-0.22626878395676614,0.019299844,2910,-0.019467180490028112,0.0003,0.19311589002609253,0.0638671875,0.2,-0.014087696559727192
293,38.14,150016,-3.4465,263,568,0.2032340131001547,-0.29816458411514757,0.018892506,2920,-0.013568718894384801,0.0003,0.20071834325790405,0.06953125,0.2,-0.0199637059122324
294,37.65,150528,-3.3278999999999996,263,570,0.225962105486542,-0.25684103248640894,0.025533736,2930,-0.011183762137079611,0.0003,-0.16914546489715576,0.06640625,0.2,0.009185558184981346
295,36.82,151040,-3.2770000000000006,263,572,0.21354546260554344,-0.2333679398521781,0.018409839,2940,-0.01643349144142121,0.0003,-0.4043081998825073,0.0736328125,0.2,-0.004492153413593769
296,37.27,151552,-3.5579999999999994,263,574,0.24952461160719394,-0.1584926270879805,0.023289457,2950,-0.016231498785782606,0.0003,0.3452150225639343,0.0662109375,0.2,-0.014009851962327957
297,35.8,152064,-3.477,263,576,0.2131651032716036,-0.19962836820632218,0.025005598,2960,-0.014778988901525736,0.0003,-0.06971502304077148,0.0666015625,0.2,-0.004836319945752621
298,36.95,152576,-3.5313,263,578,0.4146175486501306,-0.1667885861825198,0.031104699,2970,-0.012078181479591877,0.0003,-0.18875181674957275,0.0498046875,0.2,-0.011617697775363922
299,34.56,153088,-3.632600000000001,263,580,0.2778071388835087,-0.17251640763133763,0.027821759,2980,-0.021718456386588515,0.0003,0.3601483106613159,0.06875,0.2,-0.019225221127271652
300,33.9,153600,-3.5137,263,582,0.1800485333194956,-0.19335950342938305,0.025372392,2990,-0.02207290387013927,0.0003,0.1566927433013916,0.0796875,0.2,-0.027798790484666824
301,32.98,154112,-3.4158000000000004,263,584,0.1866384902270511,-0.2369905541650951,0.029836845,3000,-0.01640055577736348,0.0003,0.45052027702331543,0.0806640625,0.2,-0.014298811554908752
302,32.65,154624,-3.1740999999999997,263,586,0.301409305119887,-0.13352066949009894,0.025436584,3010,-0.015650800033472478,0.0003,0.29410845041275024,0.0587890625,0.2,-0.009348100982606411
303,31.5,155136,-3.1233999999999997,263,587,0.13943864782340826,-0.10146346371620893,0.011146739,3020,-0.008111350354738533,0.0003,0.5570893287658691,0.0369140625,0.2,0.008721314370632172
304,29.81,155648,-3.0187,263,589,0.1192935686907731,-0.21715041259303688,0.07515917,3030,-0.019871821848209948,0.0003,0.4438372850418091,0.09375,0.2,-0.03572067990899086
305,28.32,156160,-2.8213000000000004,263,591,0.34618268873309715,-0.17804640596732496,0.07142675,3040,-0.012648586218710988,0.0003,-1.0418236255645752,0.0544921875,0.2,-0.01474554929882288
306,26.86,156672,-2.5711999999999993,263,593,0.3155367057071999,-0.19619366973638536,0.028553203,3050,-0.014556864183396101,0.0003,0.21187514066696167,0.078515625,0.2,-0.0020991098135709763
307,26.91,157184,-2.7593,263,595,0.26462350678630175,-0.1272083287127316,0.027512182,3060,-0.014420739246997983,0.0003,0.48494952917099,0.0568359375,0.2,0.0016814237460494041
308,29.03,157696,-3.0425999999999997,263,597,0.38884762150701135,-0.14353281427174808,0.014305528,3070,-0.012622360757086426,0.0003,-0.6722152233123779,0.0501953125,0.2,0.0004603136330842972
309,31.07,158208,-3.2455999999999996,263,599,0.09460905311862007,-0.25851614084094765,0.021664787,3080,-0.022588279424235226,0.0003,0.658592939376831,0.084375,0.2,-0.015676066279411316
310,32.04,158720,-3.2710000000000004,263,601,0.09592659246409312,-0.20605269465595483,0.033878192,3090,-0.016024536616168917,0.0003,0.47093379497528076,0.0662109375,0.2,-0.0030648251995444298
311,33.82,159232,-3.4263000000000003,263,603,0.07908136285841465,-0.1965448236092925,0.022191133,3100,-0.016453290160279722,0.0003,0.731407642364502,0.0716796875,0.2,-0.00028098002076148987
312,33.55,159744,-3.568400000000001,264,605,0.16265228313859553,-0.18148336745798588,0.021221811,3110,-0.021052377647720277,0.0003,0.17361092567443848,0.0748046875,0.2,-0.01118936762213707
313,34.38,160256,-3.7158,264,606,0.21846267993096263,-0.1424685887992382,0.028205622,3120,-0.014520305139012635,0.0003,0.08450973033905029,0.059765625,0.2,-0.005618000403046608
314,33.35,160768,-3.5201,264,608,0.20762216097209601,-0.23067390779033303,0.04358425,3130,-0.018932535883504898,0.0003,0.38982701301574707,0.0853515625,0.2,-0.023783111944794655
315,32.36,161280,-3.4105000000000008,264,610,0.18365132808685303,-0.1650741151534021,0.014482835,3140,-0.010457706567831338,0.0003,0.3508850932121277,0.05703125,0.2,-0.0012712767347693443
316,30.14,161792,-3.3503000000000003,264,612,0.22444475272204728,-0.11611304334364832,0.018688085,3150,-0.008406044892035424,0.0003,0.06458824872970581,0.0408203125,0.2,-0.011662274599075317
317,31.07,162304,-3.4023000000000003,264,614,0.16858582069398836,-0.11608217665925621,0.018530838,3160,-0.01614192557753995,0.0003,0.4814150333404541,0.0470703125,0.2,-0.02171989157795906
318,30.32,162816,-3.3187000000000006,264,616,0.20075236028060317,-0.18489056620746852,0.02975699,3170,-0.015107930987142026,0.0003,-0.0069206953048706055,0.05234375,0.2,-0.006646502763032913
319,29.89,163328,-3.5044999999999997,264,618,0.14695951123721898,-0.18550224062055348,0.027006919,3180,-0.018942583841271697,0.0003,0.46444493532180786,0.0876953125,0.2,-0.024502132087945938
320,29.6,163840,-3.6283999999999996,264,620,0.12208705315133557,-0.1471145611256361,0.018328918,3190,-0.01660262207733467,0.0003,0.2890598177909851,0.06015625,0.2,-0.00985589437186718
321,26.85,164352,-3.2658,264,622,0.15798671687953175,-0.3109677005559206,0.025195532,3200,-0.016092449869029225,0.0003,0.32792747020721436,0.0763671875,0.2,-0.030666306614875793
322,25.87,164864,-3.1269,264,624,0.18964940831065177,-0.14687417475506664,0.023024542,3210,-0.016453740699216724,0.0003,0.1380983591079712,0.0677734375,0.2,-0.013441259041428566
323,27.81,165376,-3.28,264,625,0.126876405288931,-0.1459886021912098,0.06248159,3220,-0.01949835231062025,0.0003,0.41049307584762573,0.083984375,0.2,-0.011286366730928421
324,27.57,165888,-3.2693000000000008,264,627,0.12946295489091425,-0.11265247645787894,0.038696203,3230,-0.016276549745816736,0.0003,0.414247989654541,0.058984375,0.2,-0.020773859694600105
325,24.54,166400,-3.0172000000000003,264,629,0.11541457269340753,-0.20735754426568748,0.01888529,3240,-0.016823684703558682,0.0003,0.22537976503372192,0.074609375,0.2,-0.024873975664377213
326,24.25,166912,-2.9854000000000007,264,631,0.14648326860042288,-0.21849275045096875,0.03333633,3250,-0.016784709796775134,0.0003,-0.6908681392669678,0.0869140625,0.2,-0.013667626306414604
327,19.02,167424,-2.6515000000000004,264,633,0.10182366317603737,-0.25518881529569626,0.014201162,3260,-0.020677685202099384,0.0003,-0.31057751178741455,0.077734375,0.2,-0.036584675312042236
328,19.75,167936,-2.5214,264,635,0.15258370990632103,-0.15033218115568162,0.011289047,3270,-0.012944994878489524,0.0003,0.03778952360153198,0.05625,0.2,-0.008419708348810673
329,21.18,168448,-2.7476,264,637,0.24535326029872523,-0.17330464953556657,0.014455078,3280,-0.014765939221251755,0.0003,0.44056910276412964,0.05703125,0.2,-0.0043638646602630615
330,21.42,168960,-2.7776000000000005,264,639,0.15403951687039807,-0.13033724017441273,0.015762005,3290,-0.015521261910907923,0.0003,0.41013234853744507,0.05625,0.2,-0.016995318233966827
331,23.96,169472,-2.975100000000001,264,641,0.20375863744411618,-0.1983323366381228,0.021599077,3300,-0.01876356938155368,0.0003,0.08090460300445557,0.0744140625,0.2,0.001250164583325386
332,23.79,169984,-2.8947,264,643,0.07387866784119979,-0.2860376941040158,0.026137367,3310,-0.02269872904289514,0.0003,0.580004096031189,0.1236328125,0.2,-0.034165382385253906
333,23.88,170496,-3.0221000000000005,264,645,0.34352518660016357,-0.1661530861631036,0.033164047,3320,-0.018214876053389163,0.0003,-0.08332669734954834,0.078515625,0.2,-0.035675711929798126
334,22.68,171008,-2.8647000000000005,264,647,0.16131736058741808,-0.12243500826880335,0.011568856,3330,-0.014879383810330183,0.0003,0.6684125661849976,0.0515625,0.2,-0.0060158371925354
335,21.99,171520,-2.6708000000000003,264,649,0.11418307716958224,-0.1816950285807252,0.034901086,3340,-0.02345036007463932,0.0003,0.3571898937225342,0.087109375,0.2,-0.023613758385181427
336,21.07,172032,-2.7889000000000004,264,651,0.12809307785937563,-0.26354086920619013,0.029995216,3350,-0.021920369064901024,0.0003,0.3763818144798279,0.09453125,0.2,-0.0276681799441576
337,19.35,172544,-2.3580000000000005,264,653,0.247907309839502,-0.221440804656595,0.053135533,3360,-0.023745484952814876,0.0003,-0.19910025596618652,0.0986328125,0.2,-0.014142312109470367
338,20.87,173056,-2.4305999999999996,264,654,0.22884297415148466,-0.2065161124803126,0.024155868,3370,-0.018056758621241897,0.0003,0.08896535634994507,0.0708984375,0.2,-0.005162249319255352
339,23.01,173568,-2.6733999999999996,264,656,0.17355500829871745,-0.18751795385032893,0.017525647,3380,-0.011906464258208871,0.0003,0.30724018812179565,0.0642578125,0.2,-0.012539679184556007
340,23.78,174080,-2.8102,264,658,0.12389862358104438,-0.236445970274508,0.024194766,3390,-0.019398306775838137,0.0003,0.06954026222229004,0.08984375,0.2,-0.008906763046979904
341,26.69,174592,-3.0331999999999995,264,660,0.11896076244302094,-0.16880016615614296,0.04058542,3400,-0.0219302510144189,0.0003,-0.126975417137146,0.0763671875,0.2,-0.024712083861231804
342,27.5,175104,-3.1548000000000003,264,662,0.12083074923139066,-0.14673978090286255,0.059996348,3410,-0.020781023474410177,0.0003,0.6083440780639648,0.083203125,0.2,-0.025676123797893524
343,28.29,175616,-3.2251,264,664,0.10359892618143932,-0.13663724791258575,0.008832667,3420,-0.0140209442935884,0.0003,0.20804613828659058,0.0486328125,0.2,-0.0035689277574419975
344,29.31,176128,-3.2947999999999995,264,666,0.26074734318535775,-0.1456379950977862,0.01582942,3430,-0.011299311160109937,0.0003,0.0878109335899353,0.0576171875,0.2,-0.004364747554063797
345,28.21,176640,-3.2146999999999997,264,668,0.12595889768563212,-0.11057331277988851,0.01574198,3440,-0.013233560312073678,0.0003,0.683807909488678,0.037109375,0.2,-0.007402684539556503
346,28.54,177152,-3.2168,264,670,0.131849476438947,-0.19586735339835287,0.0424701,3450,-0.015634716604836285,0.0003,0.3426666855812073,0.07109375,0.2,-0.023740872740745544
347,28.32,177664,-3.2428,264,672,0.24095009674783796,-0.13157686037011446,0.014551836,3460,-0.012792140198871493,0.0003,0.17912691831588745,0.05234375,0.2,-0.003348281607031822
348,28.46,178176,-3.3736000000000006,264,674,0.25050354197155683,-0.18909662868827581,0.02188338,3470,-0.019837386289145796,0.0003,-0.33530759811401367,0.07109375,0.2,-0.034672774374485016
349,27.34,178688,-3.1896999999999998,264,676,0.261079836380668,-0.15126179875805973,0.033576377,3480,-0.0133194544701837,0.0003,-0.54776930809021,0.05234375,0.2,-0.01184017863124609
350,27.32,179200,-3.0797999999999996,264,678,0.16182247241958975,-0.1709672337397933,0.032697946,3490,-0.01408502298872918,0.0003,0.38645297288894653,0.07421875,0.2,-0.006885590963065624
351,26.89,179712,-3.034900000000001,264,680,0.16537862005643547,-0.2203375481069088,0.019400511,3500,-0.020321429066825658,0.0003,0.2409992218017578,0.082421875,0.2,-0.008720198646187782
352,24.27,180224,-2.7527999999999997,264,682,0.15866923257708548,-0.17782428013160825,0.03553544,3510,-0.017628879251424222,0.0003,0.43145281076431274,0.0724609375,0.2,-0.020360222086310387
353,22.51,180736,-2.5828000000000007,264,684,0.2180167757673189,-0.19410201413556932,0.029592616,3520,-0.019031107414048166,0.0003,-0.2779620885848999,0.0705078125,0.2,-0.016921617090702057
354,22.91,181248,-2.6392,263,686,0.19459723555482925,-0.22021421194076538,0.0433879,3530,-0.013100768520962447,0.0003,-0.4161386489868164,0.072265625,0.2,-0.0031766099855303764
355,21.84,181760,-2.7007,264,688,0.3109953837818466,-0.11289726202376187,0.034492776,3540,-0.012677871237974614,0.0003,0.14289122819900513,0.0458984375,0.2,-0.01830531656742096
356,22.45,182272,-2.5844000000000005,263,690,0.20057100758422167,-0.13677127975970507,0.015460585,3550,-0.01669424894498661,0.0003,0.3859790563583374,0.05546875,0.2,-0.013975828886032104
357,25.12,182784,-2.8837,263,692,0.08441964668454602,-0.15257075410336257,0.010274494,3560,-0.015445998066570609,0.0003,0.3161262273788452,0.066015625,0.2,-0.006335584446787834
358,27.14,183296,-3.1929,263,694,0.14489896183367817,-0.12176303928717971,0.03394501,3570,-0.015194245148450136,0.0003,0.41606754064559937,0.050390625,0.2,-0.005283169448375702
359,28.9,183808,-3.4234999999999998,263,696,0.11223080492345616,-0.16054099025204777,0.026874313,3580,-0.017504819750320165,0.0003,0.5173271298408508,0.0595703125,0.2,-0.024684490635991096
360,30.03,184320,-3.4525000000000006,263,698,0.18105610123602672,-0.187089420016855,0.015295112,3590,-0.013967425504233688,0.0003,0.18632668256759644,0.0681640625,0.2,-0.0072715431451797485
361,29.62,184832,-3.4301999999999997,264,700,0.25883802433963865,-0.14074781602248548,0.018831361,3600,-0.01432256295811385,0.0003,-0.21238219738006592,0.05,0.2,-0.02383562922477722
362,28.23,185344,-3.3791000000000007,264,702,0.3184009898919612,-0.14010992450639606,0.049035456,3610,-0.013790308707393705,0.0003,0.029955685138702393,0.0611328125,0.2,-0.028843693435192108
363,27.26,185856,-3.1445000000000003,263,704,0.09003482600674033,-0.21561153344810008,0.029102873,3620,-0.016056069592013954,0.0003,0.5791289806365967,0.0798828125,0.2,-0.003247958142310381
364,29.09,186368,-3.1652000000000005,263,706,0.0863885643426329,-0.24490016102790832,0.021253204,3630,-0.018026630789972842,0.0003,0.5842366218566895,0.0958984375,0.2,-0.008281384594738483
365,28.05,186880,-3.112200000000001,264,707,0.3311458472860977,-0.21481128670275212,0.04228273,3640,-0.0148233353625983,0.0003,-0.02288818359375,0.075390625,0.2,-0.007779918611049652
366,27.1,187392,-3.1611000000000002,263,709,0.1358999517164193,-0.218061141949147,0.012263587,3650,-0.014157525904010981,0.0003,0.290416419506073,0.07109375,0.2,-0.010121666826307774
367,28.03,187904,-3.077,263,711,0.20398585073417053,-0.12192860613577068,0.016478349,3660,-0.012311828136444092,0.0003,0.13299602270126343,0.04453125,0.2,-0.01157922949641943
368,26.75,188416,-2.9587,264,713,0.19074438363313675,-0.25385247338563205,0.0235882,3670,-0.016687569639179854,0.0003,0.012031316757202148,0.091796875,0.2,-0.008258545771241188
369,26.92,188928,-2.9660999999999995,263,715,0.11672209308017045,-0.24362947307527066,0.046864204,3680,-0.022470489027909935,0.0003,0.49095141887664795,0.083984375,0.2,-0.033092524856328964
370,27.3,189440,-2.8912,264,717,0.05142035978497006,-0.35629208497703074,0.037245046,3690,-0.022274793055839837,0.0003,0.25762122869491577,0.1017578125,0.2,-0.031355120241642
371,27.59,189952,-2.884700000000001,264,719,0.13977175268810244,-0.19918193966150283,0.027932841,3700,-0.012264124804642052,0.0003,0.30501461029052734,0.0603515625,0.2,-0.010102249681949615
372,24.11,190464,-2.6540999999999997,263,721,0.21528352096211165,-0.1378644648939371,0.038838074,3710,-0.014059196913149209,0.0003,0.18870031833648682,0.061328125,0.2,-0.018636805936694145
373,25.75,190976,-2.8325,264,723,0.3778559192549437,-0.20643360475078226,0.03666081,3720,-0.021873680339194835,0.0003,-0.23058688640594482,0.0685546875,0.2,-0.023263897746801376
374,24.58,191488,-2.8904,264,725,0.14994865143671632,-0.14583362601697444,0.012977429,3730,-0.019145953538827597,0.0003,0.1531807780265808,0.0685546875,0.2,-0.016396474093198776
375,28.04,192000,-3.056399999999999,264,727,0.08202475866419263,-0.16030972478911282,0.060363393,3740,-0.01999747338704765,0.0003,0.4912160038948059,0.078515625,0.2,0.005832638591527939
376,25.47,192512,-2.8724000000000003,264,728,0.11724757112096995,-0.2077564736828208,0.019686433,3750,-0.010049445601180197,0.0003,0.3722990155220032,0.063671875,0.2,-0.005755273625254631
377,25.42,193024,-2.7876,264,730,0.09661586546571925,-0.14358318634331227,0.016681962,3760,-0.011047448928002268,0.0003,0.5672620534896851,0.0537109375,0.2,-0.01071917824447155
378,24.84,193536,-2.4560999999999997,264,732,0.24987076993566007,-0.19040938876569272,0.03302781,3770,-0.016789745911955832,0.0003,-0.4397873878479004,0.07421875,0.2,-0.02239660918712616
379,23.22,194048,-2.3303,264,734,0.299881750321947,-0.26178980693221093,0.056824192,3780,-0.018899345386307685,0.0003,-0.08718550205230713,0.0900390625,0.2,0.0016886331140995026
380,21.91,194560,-2.2547,264,736,0.18028737048152835,-0.22526180045679212,0.018151201,3790,-0.014709664147812874,0.0003,0.1918504238128662,0.0658203125,0.2,-0.0019012745469808578
381,22.61,195072,-2.5597,264,738,0.19054333320818842,-0.2643725978210568,0.042709827,3800,-0.0177738425321877,0.0003,0.15908831357955933,0.1185546875,0.2,-0.011667273007333279
382,25.99,195584,-2.8438,264,740,0.15669416198506952,-0.22830843729898334,0.04925471,3810,-0.018971510126721113,0.0003,0.16012048721313477,0.09140625,0.2,-0.014142295345664024
383,23.93,196096,-2.6720000000000006,264,742,0.10417741297278553,-0.2582806125283241,0.039633356,3820,-0.022642002650536598,0.0003,0.4359075427055359,0.108984375,0.2,-0.017093844711780548
384,24.11,196608,-2.7474999999999996,264,744,0.43668596653733405,-0.15623664977028967,0.025530426,3830,-0.014824556629173457,0.0003,-0.31029438972473145,0.06796875,0.2,0.0030425768345594406
385,25.61,197120,-2.929900000000001,264,746,0.4341454862151295,-0.17049567764624954,0.021188375,3840,-0.01794983175350353,0.0003,-0.13138234615325928,0.0642578125,0.2,-0.005213642492890358
386,28.0,197632,-2.908000000000001,264,748,0.20455940489191562,-0.16711042840033768,0.027814064,3850,-0.016510934534016995,0.0003,0.29479432106018066,0.06953125,0.2,-0.029792610555887222
387,24.87,198144,-2.6611000000000002,264,749,0.12787886976730078,-0.2792536161839962,0.034841277,3860,-0.011645584064535797,0.0003,0.6787967085838318,0.099609375,0.2,-0.0015957839787006378
388,24.68,198656,-2.8257,264,752,0.2433647211175412,-0.15512255700305105,0.026344277,3870,-0.01788506532320753,0.0003,-0.12678241729736328,0.0673828125,0.2,-0.023458683863282204
389,25.12,199168,-2.8168,264,754,0.11714541797991843,-0.17797382734715939,0.018118083,3880,-0.020255677762906998,0.0003,0.3719654083251953,0.073046875,0.2,-0.027464624494314194
390,24.09,199680,-2.7115000000000005,264,756,0.0716928822803311,-0.18924623392522336,0.021452393,3890,-0.020897450298070906,0.0003,0.7576760053634644,0.0748046875,0.2,-0.0216508898884058
391,23.16,200192,-2.7816,264,757,0.19491840475238859,-0.1691089273430407,0.02912266,3900,-0.010638317884877324,0.0003,0.1662670373916626,0.0509765625,0.2,-0.013035494834184647
